"No.","Time","Source","Destination","Protocol","Length","Info"
"1","2000-03-07 12:33:10,611612","202.77.162.213","172.16.115.20","Portmap","98","V2 GETPORT Call (Reply In 2) SADMIND(100232) V:10 UDP"
"2","2000-03-07 12:33:10,612915","172.16.115.20","202.77.162.213","Portmap","70","V2 GETPORT Reply (Call In 1) Port:32773"
"3","2000-03-07 12:33:10,621429","202.77.162.213","172.16.115.20","SADMIND","1454","V10 proc-1 Call"
"4","2000-03-07 12:33:12,642958","202.77.162.213","172.16.115.20","Portmap","98","V2 GETPORT Call (Reply In 5) SADMIND(100232) V:10 UDP"
"5","2000-03-07 12:33:12,644217","172.16.115.20","202.77.162.213","Portmap","70","V2 GETPORT Reply (Call In 4) Port:32773"
"6","2000-03-07 12:33:12,652687","202.77.162.213","172.16.115.20","SADMIND","1454","V10 proc-1 Call"
"7","2000-03-07 12:33:14,659366","202.77.162.213","172.16.115.20","TCP","74","46956  >  23 [SYN] Seq=0 Win=32768 Len=0 MSS=1460 WS=1 TSval=184573 TSecr=0"
"8","2000-03-07 12:33:14,659655","172.16.115.20","202.77.162.213","TCP","74","23  >  46956 [SYN, ACK] Seq=0 Ack=1 Win=10136 Len=0 TSval=9111864 TSecr=184573 WS=1 MSS=1460"
"9","2000-03-07 12:33:14,659811","202.77.162.213","172.16.115.20","TCP","66","46956  >  23 [ACK] Seq=1 Ack=1 Win=33580 Len=0 TSval=184573 TSecr=9111864"
"10","2000-03-07 12:33:14,728748","172.16.115.20","202.77.162.213","TELNET","81","Telnet Data ..."
"11","2000-03-07 12:33:14,732186","202.77.162.213","172.16.115.20","TELNET","81","Telnet Data ..."
"12","2000-03-07 12:33:14,732387","172.16.115.20","202.77.162.213","TCP","66","23  >  46956 [ACK] Seq=16 Ack=16 Win=10136 Len=0 TSval=9111872 TSecr=184573"
"13","2000-03-07 12:33:14,735178","172.16.115.20","202.77.162.213","TELNET","102","Telnet Data ..."
"14","2000-03-07 12:33:14,749198","202.77.162.213","172.16.115.20","TCP","66","46956  >  23 [ACK] Seq=16 Ack=52 Win=33580 Len=0 TSval=184573 TSecr=9111872"
"15","2000-03-07 12:33:14,785846","172.16.115.20","202.77.162.213","TELNET","75","Telnet Data ..."
"16","2000-03-07 12:33:14,788428","202.77.162.213","172.16.115.20","TELNET","75","Telnet Data ..."
"17","2000-03-07 12:33:14,788687","172.16.115.20","202.77.162.213","TELNET","73","Telnet Data ..."
"18","2000-03-07 12:33:14,790850","202.77.162.213","172.16.115.20","TELNET","75","Telnet Data ..."
"19","2000-03-07 12:33:14,791053","172.16.115.20","202.77.162.213","TELNET","69","Telnet Data ..."
"20","2000-03-07 12:33:14,804565","202.77.162.213","172.16.115.20","TCP","66","46956  >  23 [ACK] Seq=34 Ack=71 Win=33577 Len=0 TSval=184573 TSecr=9111878"
"21","2000-03-07 12:33:14,804773","172.16.115.20","202.77.162.213","TELNET","85","Telnet Data ..."
"22","2000-03-07 12:33:14,809247","202.77.162.213","172.16.115.20","TCP","66","46956  >  23 [ACK] Seq=34 Ack=90 Win=33561 Len=0 TSval=184573 TSecr=9111879"
"23","2000-03-07 12:33:14,811163","202.77.162.213","172.16.115.20","TELNET","75","Telnet Data ..."
"24","2000-03-07 12:33:14,811962","172.16.115.20","202.77.162.213","TELNET","68","Telnet Data ..."
"25","2000-03-07 12:33:14,829223","202.77.162.213","172.16.115.20","TCP","66","46956  >  23 [ACK] Seq=43 Ack=92 Win=33580 Len=0 TSval=184573 TSecr=9111880"
"26","2000-03-07 12:33:18,830935","172.16.115.20","202.77.162.213","TELNET","83","Telnet Data ..."
"27","2000-03-07 12:33:18,849289","202.77.162.213","172.16.115.20","TCP","66","46956  >  23 [ACK] Seq=43 Ack=109 Win=33580 Len=0 TSval=184582 TSecr=9112282"
"28","2000-03-07 12:33:18,849479","172.16.115.20","202.77.162.213","TELNET","73","Telnet Data ..."
"29","2000-03-07 12:33:18,869310","202.77.162.213","172.16.115.20","TCP","66","46956  >  23 [ACK] Seq=43 Ack=116 Win=33580 Len=0 TSval=184582 TSecr=9112283"
"30","2000-03-07 12:33:18,875888","202.77.162.213","172.16.115.20","Portmap","98","V2 GETPORT Call (Reply In 31) SADMIND(100232) V:10 UDP"
"31","2000-03-07 12:33:18,877143","172.16.115.20","202.77.162.213","Portmap","70","V2 GETPORT Reply (Call In 30) Port:32773"
"32","2000-03-07 12:33:18,885651","202.77.162.213","172.16.115.20","SADMIND","1454","V10 proc-1 Call"
"33","2000-03-07 12:33:20,913357","202.77.162.213","172.16.115.20","Portmap","98","V2 GETPORT Call (Reply In 34) SADMIND(100232) V:10 UDP"
"34","2000-03-07 12:33:20,914631","172.16.115.20","202.77.162.213","Portmap","70","V2 GETPORT Reply (Call In 33) Port:32773"
"35","2000-03-07 12:33:20,923039","202.77.162.213","172.16.115.20","SADMIND","1454","V10 proc-1 Call"
"36","2000-03-07 12:33:22,924246","202.77.162.213","172.16.115.20","TCP","66","46956  >  23 [FIN, ACK] Seq=43 Ack=116 Win=33580 Len=0 TSval=184590 TSecr=9112283"
"37","2000-03-07 12:33:22,924428","172.16.115.20","202.77.162.213","TCP","66","23  >  46956 [ACK] Seq=116 Ack=44 Win=10136 Len=0 TSval=9112691 TSecr=184590"
"38","2000-03-07 12:33:22,929124","202.77.162.213","172.16.115.20","TCP","74","46958  >  23 [SYN] Seq=0 Win=32768 Len=0 MSS=1460 WS=1 TSval=184590 TSecr=0"
"39","2000-03-07 12:33:22,929425","172.16.115.20","202.77.162.213","TCP","74","23  >  46958 [SYN, ACK] Seq=0 Ack=1 Win=10136 Len=0 TSval=9112691 TSecr=184590 WS=1 MSS=1460"
"40","2000-03-07 12:33:22,929577","202.77.162.213","172.16.115.20","TCP","66","46958  >  23 [ACK] Seq=1 Ack=1 Win=33580 Len=0 TSval=184590 TSecr=9112691"
"41","2000-03-07 12:33:22,981078","172.16.115.20","202.77.162.213","TCP","66","23  >  46956 [FIN, ACK] Seq=116 Ack=44 Win=10136 Len=0 TSval=9112697 TSecr=184590"
"42","2000-03-07 12:33:22,981222","202.77.162.213","172.16.115.20","TCP","66","46956  >  23 [ACK] Seq=44 Ack=117 Win=33580 Len=0 TSval=184590 TSecr=9112697"
"43","2000-03-07 12:33:23,011892","172.16.115.20","202.77.162.213","TELNET","81","Telnet Data ..."
"44","2000-03-07 12:33:23,015047","202.77.162.213","172.16.115.20","TELNET","81","Telnet Data ..."
"45","2000-03-07 12:33:23,015247","172.16.115.20","202.77.162.213","TCP","66","23  >  46958 [ACK] Seq=16 Ack=16 Win=10136 Len=0 TSval=9112700 TSecr=184590"
"46","2000-03-07 12:33:23,018000","172.16.115.20","202.77.162.213","TELNET","102","Telnet Data ..."
"47","2000-03-07 12:33:23,039236","202.77.162.213","172.16.115.20","TCP","66","46958  >  23 [ACK] Seq=16 Ack=52 Win=33580 Len=0 TSval=184590 TSecr=9112700"
"48","2000-03-07 12:33:23,069346","172.16.115.20","202.77.162.213","TELNET","75","Telnet Data ..."
"49","2000-03-07 12:33:23,071849","202.77.162.213","172.16.115.20","TELNET","75","Telnet Data ..."
"50","2000-03-07 12:33:23,072099","172.16.115.20","202.77.162.213","TELNET","73","Telnet Data ..."
"51","2000-03-07 12:33:23,074202","202.77.162.213","172.16.115.20","TELNET","75","Telnet Data ..."
"52","2000-03-07 12:33:23,074404","172.16.115.20","202.77.162.213","TELNET","69","Telnet Data ..."
"53","2000-03-07 12:33:23,089219","202.77.162.213","172.16.115.20","TCP","66","46958  >  23 [ACK] Seq=34 Ack=71 Win=33580 Len=0 TSval=184590 TSecr=9112706"
"54","2000-03-07 12:33:23,089421","172.16.115.20","202.77.162.213","TELNET","85","Telnet Data ..."
"55","2000-03-07 12:33:23,091445","202.77.162.213","172.16.115.20","TELNET","75","Telnet Data ..."
"56","2000-03-07 12:33:23,092228","172.16.115.20","202.77.162.213","TELNET","68","Telnet Data ..."
"57","2000-03-07 12:33:23,109214","202.77.162.213","172.16.115.20","TCP","66","46958  >  23 [ACK] Seq=43 Ack=92 Win=33580 Len=0 TSval=184590 TSecr=9112708"
"58","2000-03-07 12:33:27,111103","172.16.115.20","202.77.162.213","TELNET","83","Telnet Data ..."
"59","2000-03-07 12:33:27,129278","202.77.162.213","172.16.115.20","TCP","66","46958  >  23 [ACK] Seq=43 Ack=109 Win=33580 Len=0 TSval=184598 TSecr=9113110"
"60","2000-03-07 12:33:27,129488","172.16.115.20","202.77.162.213","TELNET","73","Telnet Data ..."
"61","2000-03-07 12:33:27,149414","202.77.162.213","172.16.115.20","TCP","66","46958  >  23 [ACK] Seq=43 Ack=116 Win=33580 Len=0 TSval=184598 TSecr=9113111"
"62","2000-03-07 12:33:27,155926","202.77.162.213","172.16.115.20","Portmap","98","V2 GETPORT Call (Reply In 63) SADMIND(100232) V:10 UDP"
"63","2000-03-07 12:33:27,157175","172.16.115.20","202.77.162.213","Portmap","70","V2 GETPORT Reply (Call In 62) Port:32773"
"64","2000-03-07 12:33:27,165722","202.77.162.213","172.16.115.20","SADMIND","1454","V10 proc-1 Call"
"65","2000-03-07 12:33:29,205551","202.77.162.213","172.16.115.20","Portmap","98","V2 GETPORT Call (Reply In 66) SADMIND(100232) V:10 UDP"
"66","2000-03-07 12:33:29,206840","172.16.115.20","202.77.162.213","Portmap","70","V2 GETPORT Reply (Call In 65) Port:32773"
"67","2000-03-07 12:33:29,223090","202.77.162.213","172.16.115.20","SADMIND","1454","V10 proc-1 Call"
"68","2000-03-07 12:33:31,234215","202.77.162.213","172.16.115.20","TCP","66","46958  >  23 [FIN, ACK] Seq=43 Ack=116 Win=33580 Len=0 TSval=184606 TSecr=9113111"
"69","2000-03-07 12:33:31,234414","172.16.115.20","202.77.162.213","TCP","66","23  >  46958 [ACK] Seq=116 Ack=44 Win=10136 Len=0 TSval=9113522 TSecr=184606"
"70","2000-03-07 12:33:31,239287","202.77.162.213","172.16.115.20","TCP","74","46959  >  23 [SYN] Seq=0 Win=32768 Len=0 MSS=1460 WS=1 TSval=184606 TSecr=0"
"71","2000-03-07 12:33:31,239581","172.16.115.20","202.77.162.213","TCP","74","23  >  46959 [SYN, ACK] Seq=0 Ack=1 Win=10136 Len=0 TSval=9113522 TSecr=184606 WS=1 MSS=1460"
"72","2000-03-07 12:33:31,239738","202.77.162.213","172.16.115.20","TCP","66","46959  >  23 [ACK] Seq=1 Ack=1 Win=33580 Len=0 TSval=184606 TSecr=9113522"
"73","2000-03-07 12:33:31,247141","172.16.115.20","202.77.162.213","TCP","66","23  >  46958 [FIN, ACK] Seq=116 Ack=44 Win=10136 Len=0 TSval=9113523 TSecr=184606"
"74","2000-03-07 12:33:31,247288","202.77.162.213","172.16.115.20","TCP","66","46958  >  23 [ACK] Seq=44 Ack=117 Win=33580 Len=0 TSval=184606 TSecr=9113523"
"75","2000-03-07 12:33:32,470221","172.16.115.20","202.77.162.213","TELNET","81","Telnet Data ..."
"76","2000-03-07 12:33:32,473405","202.77.162.213","172.16.115.20","TELNET","81","Telnet Data ..."
"77","2000-03-07 12:33:32,473611","172.16.115.20","202.77.162.213","TCP","66","23  >  46959 [ACK] Seq=16 Ack=16 Win=10136 Len=0 TSval=9113646 TSecr=184609"
"78","2000-03-07 12:33:32,476386","172.16.115.20","202.77.162.213","TELNET","102","Telnet Data ..."
"79","2000-03-07 12:33:32,489259","202.77.162.213","172.16.115.20","TCP","66","46959  >  23 [ACK] Seq=16 Ack=52 Win=33580 Len=0 TSval=184609 TSecr=9113646"
"80","2000-03-07 12:33:32,527602","172.16.115.20","202.77.162.213","TELNET","75","Telnet Data ..."
"81","2000-03-07 12:33:32,530167","202.77.162.213","172.16.115.20","TELNET","75","Telnet Data ..."
"82","2000-03-07 12:33:32,530426","172.16.115.20","202.77.162.213","TELNET","73","Telnet Data ..."
"83","2000-03-07 12:33:32,532551","202.77.162.213","172.16.115.20","TELNET","75","Telnet Data ..."
"84","2000-03-07 12:33:32,532751","172.16.115.20","202.77.162.213","TELNET","69","Telnet Data ..."
"85","2000-03-07 12:33:32,549287","202.77.162.213","172.16.115.20","TCP","66","46959  >  23 [ACK] Seq=34 Ack=71 Win=33580 Len=0 TSval=184609 TSecr=9113652"
"86","2000-03-07 12:33:32,549504","172.16.115.20","202.77.162.213","TELNET","85","Telnet Data ..."
"87","2000-03-07 12:33:32,551537","202.77.162.213","172.16.115.20","TELNET","75","Telnet Data ..."
"88","2000-03-07 12:33:32,552346","172.16.115.20","202.77.162.213","TELNET","68","Telnet Data ..."
"89","2000-03-07 12:33:32,569510","202.77.162.213","172.16.115.20","TCP","66","46959  >  23 [ACK] Seq=43 Ack=92 Win=33580 Len=0 TSval=184609 TSecr=9113654"
"90","2000-03-07 12:33:32,654760","172.16.115.20","202.77.162.213","TELNET","128","Telnet Data ..."
"91","2000-03-07 12:33:32,669502","202.77.162.213","172.16.115.20","TCP","66","46959  >  23 [ACK] Seq=43 Ack=154 Win=33580 Len=0 TSval=184609 TSecr=9113664"
"92","2000-03-07 12:33:32,682892","172.16.115.20","202.77.162.213","TELNET","68","Telnet Data ..."
"93","2000-03-07 12:33:32,699461","202.77.162.213","172.16.115.20","TCP","66","46959  >  23 [ACK] Seq=43 Ack=156 Win=33580 Len=0 TSval=184609 TSecr=9113667"
"94","2000-03-07 12:33:32,830150","202.77.162.213","172.16.115.20","TCP","66","46959  >  23 [FIN, ACK] Seq=43 Ack=156 Win=33580 Len=0 TSval=184609 TSecr=9113667"
"95","2000-03-07 12:33:32,830307","172.16.115.20","202.77.162.213","TCP","66","23  >  46959 [ACK] Seq=156 Ack=44 Win=10136 Len=0 TSval=9113681 TSecr=184609"
"96","2000-03-07 12:33:32,844587","172.16.115.20","202.77.162.213","TCP","66","23  >  46959 [FIN, ACK] Seq=156 Ack=44 Win=10136 Len=0 TSval=9113683 TSecr=184609"
"97","2000-03-07 12:33:32,844748","202.77.162.213","172.16.115.20","TCP","66","46959  >  23 [ACK] Seq=44 Ack=157 Win=33580 Len=0 TSval=184610 TSecr=9113683"
"98","2000-03-07 12:34:36,436981","202.77.162.213","172.16.112.10","Portmap","98","V2 GETPORT Call (Reply In 99) SADMIND(100232) V:10 UDP"
"99","2000-03-07 12:34:36,438242","172.16.112.10","202.77.162.213","Portmap","70","V2 GETPORT Reply (Call In 98) Port:32774"
"100","2000-03-07 12:34:36,446841","202.77.162.213","172.16.112.10","SADMIND","1454","V10 proc-1 Call"
"101","2000-03-07 12:34:38,474587","202.77.162.213","172.16.112.10","Portmap","98","V2 GETPORT Call (Reply In 102) SADMIND(100232) V:10 UDP"
"102","2000-03-07 12:34:38,475428","172.16.112.10","202.77.162.213","Portmap","70","V2 GETPORT Reply (Call In 101) Port:32774"
"103","2000-03-07 12:34:38,484026","202.77.162.213","172.16.112.10","SADMIND","1454","V10 proc-1 Call"
"104","2000-03-07 12:34:40,489959","202.77.162.213","172.16.112.10","TCP","74","46986  >  23 [SYN] Seq=0 Win=32768 Len=0 MSS=1460 WS=1 TSval=184745 TSecr=0"
"105","2000-03-07 12:34:40,490190","172.16.112.10","202.77.162.213","TCP","58","23  >  46986 [SYN, ACK] Seq=0 Ack=1 Win=8760 Len=0 MSS=1460"
"106","2000-03-07 12:34:40,490458","202.77.162.213","172.16.112.10","TCP","60","46986  >  23 [ACK] Seq=1 Ack=1 Win=33580 Len=0"
"107","2000-03-07 12:34:40,543359","172.16.112.10","202.77.162.213","TELNET","69","Telnet Data ..."
"108","2000-03-07 12:34:40,546631","202.77.162.213","172.16.112.10","TELNET","69","Telnet Data ..."
"109","2000-03-07 12:34:40,548098","172.16.112.10","202.77.162.213","TELNET","117","Telnet Data ..."
"110","2000-03-07 12:34:40,560158","202.77.162.213","172.16.112.10","TCP","60","46986  >  23 [ACK] Seq=16 Ack=79 Win=33580 Len=0"
"111","2000-03-07 12:34:40,584396","172.16.112.10","202.77.162.213","TELNET","63","Telnet Data ..."
"112","2000-03-07 12:34:40,587073","202.77.162.213","172.16.112.10","TELNET","63","Telnet Data ..."
"113","2000-03-07 12:34:40,587366","172.16.112.10","202.77.162.213","TELNET","61","Telnet Data ..."
"114","2000-03-07 12:34:40,589655","202.77.162.213","172.16.112.10","TELNET","63","Telnet Data ..."
"115","2000-03-07 12:34:40,589837","172.16.112.10","202.77.162.213","TELNET","57","Telnet Data ..."
"116","2000-03-07 12:34:40,599733","202.77.162.213","172.16.112.10","TCP","60","46986  >  23 [ACK] Seq=34 Ack=98 Win=33577 Len=0"
"117","2000-03-07 12:34:40,599813","172.16.112.10","202.77.162.213","TELNET","73","Telnet Data ..."
"118","2000-03-07 12:34:40,610330","202.77.162.213","172.16.112.10","TCP","60","46986  >  23 [ACK] Seq=34 Ack=117 Win=33561 Len=0"
"119","2000-03-07 12:34:40,612280","202.77.162.213","172.16.112.10","TELNET","63","Telnet Data ..."
"120","2000-03-07 12:34:40,612799","172.16.112.10","202.77.162.213","TELNET","56","Telnet Data ..."
"121","2000-03-07 12:34:40,630330","202.77.162.213","172.16.112.10","TCP","60","46986  >  23 [ACK] Seq=43 Ack=119 Win=33580 Len=0"
"122","2000-03-07 12:34:44,621003","172.16.112.10","202.77.162.213","TELNET","71","Telnet Data ..."
"123","2000-03-07 12:34:44,640460","202.77.162.213","172.16.112.10","TCP","60","46986  >  23 [ACK] Seq=43 Ack=136 Win=33580 Len=0"
"124","2000-03-07 12:34:44,640513","172.16.112.10","202.77.162.213","TELNET","61","Telnet Data ..."
"125","2000-03-07 12:34:44,660435","202.77.162.213","172.16.112.10","TCP","60","46986  >  23 [ACK] Seq=43 Ack=143 Win=33580 Len=0"
"126","2000-03-07 12:34:44,666795","202.77.162.213","172.16.112.10","Portmap","98","V2 GETPORT Call (Reply In 127) SADMIND(100232) V:10 UDP"
"127","2000-03-07 12:34:44,667719","172.16.112.10","202.77.162.213","Portmap","70","V2 GETPORT Reply (Call In 126) Port:32774"
"128","2000-03-07 12:34:44,676326","202.77.162.213","172.16.112.10","SADMIND","1454","V10 proc-1 Call"
"129","2000-03-07 12:34:46,704832","202.77.162.213","172.16.112.10","Portmap","98","V2 GETPORT Call (Reply In 130) SADMIND(100232) V:10 UDP"
"130","2000-03-07 12:34:46,705691","172.16.112.10","202.77.162.213","Portmap","70","V2 GETPORT Reply (Call In 129) Port:32774"
"131","2000-03-07 12:34:46,714261","202.77.162.213","172.16.112.10","SADMIND","1454","V10 proc-1 Call"
"132","2000-03-07 12:34:48,715368","202.77.162.213","172.16.112.10","TCP","60","46986  >  23 [FIN, ACK] Seq=43 Ack=143 Win=33580 Len=0"
"133","2000-03-07 12:34:48,715439","172.16.112.10","202.77.162.213","TCP","54","23  >  46986 [ACK] Seq=143 Ack=44 Win=8760 Len=0"
"134","2000-03-07 12:34:48,720270","202.77.162.213","172.16.112.10","TCP","74","46987  >  23 [SYN] Seq=0 Win=32768 Len=0 MSS=1460 WS=1 TSval=184761 TSecr=0"
"135","2000-03-07 12:34:48,720537","172.16.112.10","202.77.162.213","TCP","58","23  >  46987 [SYN, ACK] Seq=0 Ack=1 Win=8760 Len=0 MSS=1460"
"136","2000-03-07 12:34:48,720821","202.77.162.213","172.16.112.10","TCP","60","46987  >  23 [ACK] Seq=1 Ack=1 Win=33580 Len=0"
"137","2000-03-07 12:34:48,766743","172.16.112.10","202.77.162.213","TCP","54","23  >  46986 [FIN, ACK] Seq=143 Ack=44 Win=8760 Len=0"
"138","2000-03-07 12:34:48,767026","202.77.162.213","172.16.112.10","TCP","60","46986  >  23 [ACK] Seq=44 Ack=144 Win=33580 Len=0"
"139","2000-03-07 12:34:48,774912","172.16.112.10","202.77.162.213","TELNET","69","Telnet Data ..."
"140","2000-03-07 12:34:48,778117","202.77.162.213","172.16.112.10","TELNET","69","Telnet Data ..."
"141","2000-03-07 12:34:48,779555","172.16.112.10","202.77.162.213","TELNET","117","Telnet Data ..."
"142","2000-03-07 12:34:48,799189","202.77.162.213","172.16.112.10","TCP","60","46987  >  23 [ACK] Seq=16 Ack=79 Win=33517 Len=0"
"143","2000-03-07 12:34:48,816787","172.16.112.10","202.77.162.213","TELNET","63","Telnet Data ..."
"144","2000-03-07 12:34:48,819601","202.77.162.213","172.16.112.10","TELNET","63","Telnet Data ..."
"145","2000-03-07 12:34:48,819663","172.16.112.10","202.77.162.213","TELNET","61","Telnet Data ..."
"146","2000-03-07 12:34:48,821945","202.77.162.213","172.16.112.10","TELNET","63","Telnet Data ..."
"147","2000-03-07 12:34:48,822119","172.16.112.10","202.77.162.213","TELNET","57","Telnet Data ..."
"148","2000-03-07 12:34:48,840448","202.77.162.213","172.16.112.10","TCP","60","46987  >  23 [ACK] Seq=34 Ack=98 Win=33580 Len=0"
"149","2000-03-07 12:34:48,840508","172.16.112.10","202.77.162.213","TELNET","73","Telnet Data ..."
"150","2000-03-07 12:34:48,842720","202.77.162.213","172.16.112.10","TELNET","63","Telnet Data ..."
"151","2000-03-07 12:34:48,843239","172.16.112.10","202.77.162.213","TELNET","56","Telnet Data ..."
"152","2000-03-07 12:34:48,860421","202.77.162.213","172.16.112.10","TCP","60","46987  >  23 [ACK] Seq=43 Ack=119 Win=33580 Len=0"
"153","2000-03-07 12:34:48,866615","172.16.112.10","202.77.162.213","TELNET","109","Telnet Data ..."
"154","2000-03-07 12:34:48,880418","202.77.162.213","172.16.112.10","TCP","60","46987  >  23 [ACK] Seq=43 Ack=174 Win=33580 Len=0"
"155","2000-03-07 12:34:48,931239","172.16.112.10","202.77.162.213","TELNET","117","Telnet Data ..."
"156","2000-03-07 12:34:48,950412","202.77.162.213","172.16.112.10","TCP","60","46987  >  23 [ACK] Seq=43 Ack=237 Win=33580 Len=0"
"157","2000-03-07 12:34:48,958911","172.16.112.10","202.77.162.213","TELNET","56","Telnet Data ..."
"158","2000-03-07 12:34:48,970418","202.77.162.213","172.16.112.10","TCP","60","46987  >  23 [ACK] Seq=43 Ack=239 Win=33580 Len=0"
"159","2000-03-07 12:34:48,985966","202.77.162.213","172.16.112.50","Portmap","98","V2 GETPORT Call (Reply In 160) SADMIND(100232) V:10 UDP"
"160","2000-03-07 12:34:48,987503","172.16.112.50","202.77.162.213","Portmap","70","V2 GETPORT Reply (Call In 159) Port:32773"
"161","2000-03-07 12:34:48,995957","202.77.162.213","172.16.112.50","SADMIND","1454","V10 proc-1 Call"
"162","2000-03-07 12:34:51,024390","202.77.162.213","172.16.112.50","Portmap","98","V2 GETPORT Call (Reply In 163) SADMIND(100232) V:10 UDP"
"163","2000-03-07 12:34:51,025759","172.16.112.50","202.77.162.213","Portmap","70","V2 GETPORT Reply (Call In 162) Port:32773"
"164","2000-03-07 12:34:51,034172","202.77.162.213","172.16.112.50","SADMIND","1454","V10 proc-1 Call"
"165","2000-03-07 12:34:53,035324","202.77.162.213","172.16.112.10","TCP","60","46987  >  23 [FIN, ACK] Seq=43 Ack=239 Win=33580 Len=0"
"166","2000-03-07 12:34:53,035385","172.16.112.10","202.77.162.213","TCP","54","23  >  46987 [ACK] Seq=239 Ack=44 Win=8760 Len=0"
"167","2000-03-07 12:34:53,040201","202.77.162.213","172.16.112.50","TCP","74","46988  >  23 [SYN] Seq=0 Win=32768 Len=0 MSS=1460 WS=1 TSval=184770 TSecr=0"
"168","2000-03-07 12:34:53,040513","172.16.112.50","202.77.162.213","TCP","60","23  >  46988 [SYN, ACK] Seq=0 Ack=1 Win=8760 Len=0 MSS=1460"
"169","2000-03-07 12:34:53,040660","202.77.162.213","172.16.112.50","TCP","60","46988  >  23 [ACK] Seq=1 Ack=1 Win=33580 Len=0"
"170","2000-03-07 12:34:53,043642","172.16.112.10","202.77.162.213","TCP","54","23  >  46987 [FIN, ACK] Seq=239 Ack=44 Win=8760 Len=0"
"171","2000-03-07 12:34:53,043929","202.77.162.213","172.16.112.10","TCP","60","46987  >  23 [ACK] Seq=44 Ack=240 Win=33580 Len=0"
"172","2000-03-07 12:34:53,123560","172.16.112.50","202.77.162.213","TELNET","69","Telnet Data ..."
"173","2000-03-07 12:34:53,126652","202.77.162.213","172.16.112.50","TELNET","69","Telnet Data ..."
"174","2000-03-07 12:34:53,129368","172.16.112.50","202.77.162.213","TELNET","118","Telnet Data ..."
"175","2000-03-07 12:34:53,150359","202.77.162.213","172.16.112.50","TCP","60","46988  >  23 [ACK] Seq=16 Ack=80 Win=33580 Len=0"
"176","2000-03-07 12:34:53,183198","172.16.112.50","202.77.162.213","TELNET","63","Telnet Data ..."
"177","2000-03-07 12:34:53,185682","202.77.162.213","172.16.112.50","TELNET","63","Telnet Data ..."
"178","2000-03-07 12:34:53,185898","172.16.112.50","202.77.162.213","TELNET","61","Telnet Data ..."
"179","2000-03-07 12:34:53,188054","202.77.162.213","172.16.112.50","TELNET","63","Telnet Data ..."
"180","2000-03-07 12:34:53,188266","172.16.112.50","202.77.162.213","TELNET","60","Telnet Data ..."
"181","2000-03-07 12:34:53,198765","202.77.162.213","172.16.112.50","TCP","60","46988  >  23 [ACK] Seq=34 Ack=99 Win=33577 Len=0"
"182","2000-03-07 12:34:53,198966","172.16.112.50","202.77.162.213","TELNET","73","Telnet Data ..."
"183","2000-03-07 12:34:53,200330","202.77.162.213","172.16.112.50","TCP","60","46988  >  23 [ACK] Seq=34 Ack=118 Win=33561 Len=0"
"184","2000-03-07 12:34:53,202246","202.77.162.213","172.16.112.50","TELNET","63","Telnet Data ..."
"185","2000-03-07 12:34:53,203014","172.16.112.50","202.77.162.213","TELNET","60","Telnet Data ..."
"186","2000-03-07 12:34:53,220320","202.77.162.213","172.16.112.50","TCP","60","46988  >  23 [ACK] Seq=43 Ack=120 Win=33580 Len=0"
"187","2000-03-07 12:34:57,221828","172.16.112.50","202.77.162.213","TELNET","71","Telnet Data ..."
"188","2000-03-07 12:34:57,240371","202.77.162.213","172.16.112.50","TCP","60","46988  >  23 [ACK] Seq=43 Ack=137 Win=33580 Len=0"
"189","2000-03-07 12:34:57,240521","172.16.112.50","202.77.162.213","TELNET","61","Telnet Data ..."
"190","2000-03-07 12:34:57,260409","202.77.162.213","172.16.112.50","TCP","60","46988  >  23 [ACK] Seq=43 Ack=144 Win=33580 Len=0"
"191","2000-03-07 12:34:57,267014","202.77.162.213","172.16.112.50","Portmap","98","V2 GETPORT Call (Reply In 192) SADMIND(100232) V:10 UDP"
"192","2000-03-07 12:34:57,268642","172.16.112.50","202.77.162.213","Portmap","70","V2 GETPORT Reply (Call In 191) Port:32773"
"193","2000-03-07 12:34:57,277091","202.77.162.213","172.16.112.50","SADMIND","1454","V10 proc-1 Call"
"194","2000-03-07 12:34:59,304475","202.77.162.213","172.16.112.50","Portmap","98","V2 GETPORT Call (Reply In 195) SADMIND(100232) V:10 UDP"
"195","2000-03-07 12:34:59,305830","172.16.112.50","202.77.162.213","Portmap","70","V2 GETPORT Reply (Call In 194) Port:32773"
"196","2000-03-07 12:34:59,314251","202.77.162.213","172.16.112.50","SADMIND","1454","V10 proc-1 Call"
"197","2000-03-07 12:35:01,316109","202.77.162.213","172.16.112.50","TCP","60","46988  >  23 [FIN, ACK] Seq=43 Ack=144 Win=33580 Len=0"
"198","2000-03-07 12:35:01,316244","172.16.112.50","202.77.162.213","TCP","60","23  >  46988 [ACK] Seq=144 Ack=44 Win=8760 Len=0"
"199","2000-03-07 12:35:01,320497","202.77.162.213","172.16.112.50","TCP","74","47014  >  23 [SYN] Seq=0 Win=32768 Len=0 MSS=1460 WS=1 TSval=184786 TSecr=0"
"200","2000-03-07 12:35:01,320864","172.16.112.50","202.77.162.213","TCP","60","23  >  47014 [SYN, ACK] Seq=0 Ack=1 Win=8760 Len=0 MSS=1460"
"201","2000-03-07 12:35:01,321009","202.77.162.213","172.16.112.50","TCP","60","47014  >  23 [ACK] Seq=1 Ack=1 Win=33580 Len=0"
"202","2000-03-07 12:35:01,366880","172.16.112.50","202.77.162.213","TCP","60","23  >  46988 [FIN, ACK] Seq=144 Ack=44 Win=8760 Len=0"
"203","2000-03-07 12:35:01,367013","202.77.162.213","172.16.112.50","TCP","60","46988  >  23 [ACK] Seq=44 Ack=145 Win=33580 Len=0"
"204","2000-03-07 12:35:01,409188","172.16.112.50","202.77.162.213","TELNET","69","Telnet Data ..."
"205","2000-03-07 12:35:01,412275","202.77.162.213","172.16.112.50","TELNET","69","Telnet Data ..."
"206","2000-03-07 12:35:01,414926","172.16.112.50","202.77.162.213","TELNET","118","Telnet Data ..."
"207","2000-03-07 12:35:01,430437","202.77.162.213","172.16.112.50","TCP","60","47014  >  23 [ACK] Seq=16 Ack=80 Win=33580 Len=0"
"208","2000-03-07 12:35:01,463842","172.16.112.50","202.77.162.213","TELNET","63","Telnet Data ..."
"209","2000-03-07 12:35:01,466403","202.77.162.213","172.16.112.50","TELNET","63","Telnet Data ..."
"210","2000-03-07 12:35:01,466610","172.16.112.50","202.77.162.213","TELNET","61","Telnet Data ..."
"211","2000-03-07 12:35:01,468717","202.77.162.213","172.16.112.50","TELNET","63","Telnet Data ..."
"212","2000-03-07 12:35:01,468899","172.16.112.50","202.77.162.213","TELNET","60","Telnet Data ..."
"213","2000-03-07 12:35:01,480400","202.77.162.213","172.16.112.50","TCP","60","47014  >  23 [ACK] Seq=34 Ack=99 Win=33580 Len=0"
"214","2000-03-07 12:35:01,480552","172.16.112.50","202.77.162.213","TELNET","63","Telnet Data ..."
"215","2000-03-07 12:35:01,500357","202.77.162.213","172.16.112.50","TCP","60","47014  >  23 [ACK] Seq=34 Ack=108 Win=33580 Len=0"
"216","2000-03-07 12:35:01,500520","172.16.112.50","202.77.162.213","TELNET","64","Telnet Data ..."
"217","2000-03-07 12:35:01,502504","202.77.162.213","172.16.112.50","TELNET","63","Telnet Data ..."
"218","2000-03-07 12:35:01,503253","172.16.112.50","202.77.162.213","TELNET","60","Telnet Data ..."
"219","2000-03-07 12:35:01,520363","202.77.162.213","172.16.112.50","TCP","60","47014  >  23 [ACK] Seq=43 Ack=120 Win=33580 Len=0"
"220","2000-03-07 12:35:01,563357","172.16.112.50","202.77.162.213","TELNET","98","Telnet Data ..."
"221","2000-03-07 12:35:01,580574","202.77.162.213","172.16.112.50","TCP","60","47014  >  23 [ACK] Seq=43 Ack=164 Win=33580 Len=0"
"222","2000-03-07 12:35:01,667158","172.16.112.50","202.77.162.213","TELNET","1192","Telnet Data ..."
"223","2000-03-07 12:35:01,690587","202.77.162.213","172.16.112.50","TCP","60","47014  >  23 [ACK] Seq=43 Ack=1302 Win=33580 Len=0"
"224","2000-03-07 12:35:01,701684","172.16.112.50","202.77.162.213","TELNET","62","Telnet Data ..."
"225","2000-03-07 12:35:01,720586","202.77.162.213","172.16.112.50","TCP","60","47014  >  23 [ACK] Seq=43 Ack=1310 Win=33580 Len=0"
