08/08-21:25:18.762486 ,1,1113,5,WEB-MISC http directory traversal,TCP,10.5.1.110,51728,10.5.2.2,8888,4C:72:B9:24:40:D3,00:10:18:72:00:3C,0x7C,***AP***,0x30DAB108,0xB1751AFE,,0x3908,64,0,33866,110,112640,,,,
08/08-21:25:18.762486 ,1,1142,5,WEB-MISC /.... access,TCP,10.5.1.110,51728,10.5.2.2,8888,4C:72:B9:24:40:D3,00:10:18:72:00:3C,0x7C,***AP***,0x30DAB108,0xB1751AFE,,0x3908,64,0,33866,110,112640,,,,
08/08-21:25:25.704621 ,1,1113,5,WEB-MISC http directory traversal,TCP,10.5.1.110,51780,10.5.2.2,8888,4C:72:B9:24:40:D3,00:10:18:72:00:3C,0x7C,***AP***,0xEB1DD18B,0x4D8D30A0,,0x3908,64,0,60815,110,112640,,,,
08/08-21:25:25.704621 ,1,1142,5,WEB-MISC /.... access,TCP,10.5.1.110,51780,10.5.2.2,8888,4C:72:B9:24:40:D3,00:10:18:72:00:3C,0x7C,***AP***,0xEB1DD18B,0x4D8D30A0,,0x3908,64,0,60815,110,112640,,,,
08/08-21:25:29.545750 ,1,1113,5,WEB-MISC http directory traversal,TCP,10.5.1.110,51798,10.5.2.2,8888,4C:72:B9:24:40:D3,00:10:18:72:00:3C,0x7C,***AP***,0x5B8C4F36,0x2C3C2B6B,,0x3908,64,0,28928,110,112640,,,,
08/08-21:25:29.545750 ,1,1142,5,WEB-MISC /.... access,TCP,10.5.1.110,51798,10.5.2.2,8888,4C:72:B9:24:40:D3,00:10:18:72:00:3C,0x7C,***AP***,0x5B8C4F36,0x2C3C2B6B,,0x3908,64,0,28928,110,112640,,,,
08/09-22:10:51.658404 ,1,2273,2,IMAP login brute force attempt,TCP,10.5.1.110,39292,10.5.2.2,143,4C:72:B9:24:40:D3,00:10:18:72:00:3C,0x57,***AP***,0x2F5FB683,0x5F5BE935,,0x3908,64,0,52046,73,74752,,,,
08/09-22:11:04.803356 ,1,2273,2,IMAP login brute force attempt,TCP,10.5.1.110,39431,10.5.2.2,143,4C:72:B9:24:40:D3,00:10:18:72:00:3C,0x57,***AP***,0xFE36D0E,0xDE8A782,,0x3908,64,0,58653,73,74752,,,,
08/09-22:11:13.568457 ,1,2273,2,IMAP login brute force attempt,TCP,10.5.1.110,39604,10.5.2.2,143,4C:72:B9:24:40:D3,00:10:18:72:00:3C,0x57,***AP***,0xBE196A8D,0x1B19E9E2,,0x3908,64,0,63516,73,74752,,,,
08/09-22:11:20.330650 ,1,2273,2,IMAP login brute force attempt,TCP,10.5.1.110,39742,10.5.2.2,143,4C:72:B9:24:40:D3,00:10:18:72:00:3C,0x57,***AP***,0x38639703,0x9AF76A63,,0x3908,64,0,4037,73,74752,,,,
08/09-22:11:26.941345 ,1,2273,2,IMAP login brute force attempt,TCP,10.5.1.110,39857,10.5.2.2,143,4C:72:B9:24:40:D3,00:10:18:72:00:3C,0x57,***AP***,0x4E648488,0x3909F154,,0x3908,64,0,7160,73,74752,,,,
08/09-22:11:34.421376 ,1,2273,2,IMAP login brute force attempt,TCP,10.5.1.110,39993,10.5.2.2,143,4C:72:B9:24:40:D3,00:10:18:72:00:3C,0x57,***AP***,0x8D3EC065,0x8A13B7E,,0x3908,64,0,26271,73,74752,,,,
08/09-22:11:41.974733 ,1,2273,2,IMAP login brute force attempt,TCP,10.5.1.110,40182,10.5.2.2,143,4C:72:B9:24:40:D3,00:10:18:72:00:3C,0x57,***AP***,0xED33E67A,0x9CA3FDD1,,0x3908,64,0,18536,73,74752,,,,
08/09-22:11:47.173319 ,1,2273,2,IMAP login brute force attempt,TCP,10.5.1.110,40280,10.5.2.2,143,4C:72:B9:24:40:D3,00:10:18:72:00:3C,0x57,***AP***,0xD794F754,0xEBE274DC,,0x3908,64,0,17540,73,74752,,,,
08/09-22:11:51.618413 ,1,2273,2,IMAP login brute force attempt,TCP,10.5.1.110,40374,10.5.2.2,143,4C:72:B9:24:40:D3,00:10:18:72:00:3C,0x57,***AP***,0x2E0C3FC3,0x13E92121,,0x3908,64,0,34872,73,74752,,,,
08/09-22:11:56.078533 ,1,2273,2,IMAP login brute force attempt,TCP,10.5.1.110,40465,10.5.2.2,143,4C:72:B9:24:40:D3,00:10:18:72:00:3C,0x57,***AP***,0x27AA4DF6,0x52120CB9,,0x3908,64,0,63023,73,74752,,,,
08/09-22:12:00.273441 ,1,2273,2,IMAP login brute force attempt,TCP,10.5.1.110,40527,10.5.2.2,143,4C:72:B9:24:40:D3,00:10:18:72:00:3C,0x57,***AP***,0x53258FB8,0x1FB47912,,0x3908,64,0,20364,73,74752,,,,
08/09-22:12:04.675109 ,1,2273,2,IMAP login brute force attempt,TCP,10.5.1.110,40591,10.5.2.2,143,4C:72:B9:24:40:D3,00:10:18:72:00:3C,0x57,***AP***,0xF8B499D4,0x1CF8138E,,0x3908,64,0,24018,73,74752,,,,
08/09-22:12:09.300963 ,1,2273,2,IMAP login brute force attempt,TCP,10.5.1.110,40786,10.5.2.2,143,4C:72:B9:24:40:D3,00:10:18:72:00:3C,0x57,***AP***,0x6CB5C80E,0xF16F3A6A,,0x3908,64,0,3854,73,74752,,,,
08/09-22:12:13.473460 ,1,2273,2,IMAP login brute force attempt,TCP,10.5.1.110,40866,10.5.2.2,143,4C:72:B9:24:40:D3,00:10:18:72:00:3C,0x57,***AP***,0x4C26A103,0x2100BDC3,,0x3908,64,0,28132,73,74752,,,,
08/09-22:12:16.598348 ,1,2273,2,IMAP login brute force attempt,TCP,10.5.1.110,40943,10.5.2.2,143,4C:72:B9:24:40:D3,00:10:18:72:00:3C,0x57,***AP***,0xF4A2B132,0xDD782CA9,,0x3908,64,0,24837,73,74752,,,,
08/09-22:12:19.804896 ,1,2273,2,IMAP login brute force attempt,TCP,10.5.1.110,41018,10.5.2.2,143,4C:72:B9:24:40:D3,00:10:18:72:00:3C,0x57,***AP***,0xAC8C1171,0x20A510C6,,0x3908,64,0,49773,73,74752,,,,
08/09-22:12:22.617796 ,1,2273,2,IMAP login brute force attempt,TCP,10.5.1.110,41078,10.5.2.2,143,4C:72:B9:24:40:D3,00:10:18:72:00:3C,0x57,***AP***,0x3F94CA1E,0x8ED824C7,,0x3908,64,0,7194,73,74752,,,,
08/09-22:12:25.870265 ,1,2273,2,IMAP login brute force attempt,TCP,10.5.1.110,41150,10.5.2.2,143,4C:72:B9:24:40:D3,00:10:18:72:00:3C,0x57,***AP***,0x109E1476,0x84102E23,,0x3908,64,0,52552,73,74752,,,,
08/09-22:12:29.283988 ,1,2273,2,IMAP login brute force attempt,TCP,10.5.1.110,41213,10.5.2.2,143,4C:72:B9:24:40:D3,00:10:18:72:00:3C,0x57,***AP***,0x74AF7209,0x634A735A,,0x3908,64,0,44423,73,74752,,,,
08/09-22:12:32.203717 ,1,2273,2,IMAP login brute force attempt,TCP,10.5.1.110,41259,10.5.2.2,143,4C:72:B9:24:40:D3,00:10:18:72:00:3C,0x57,***AP***,0xA407743C,0xEA38245B,,0x3908,64,0,43825,73,74752,,,,
08/09-22:12:35.563365 ,1,2273,2,IMAP login brute force attempt,TCP,10.5.1.110,41303,10.5.2.2,143,4C:72:B9:24:40:D3,00:10:18:72:00:3C,0x57,***AP***,0xEC925B6A,0xC05C057D,,0x3908,64,0,47572,73,74752,,,,
08/09-22:12:38.968657 ,1,2273,2,IMAP login brute force attempt,TCP,10.5.1.110,41454,10.5.2.2,143,4C:72:B9:24:40:D3,00:10:18:72:00:3C,0x57,***AP***,0x4DDA43F8,0xF98F98D9,,0x3908,64,0,42523,73,74752,,,,
08/09-22:12:43.083730 ,1,2273,2,IMAP login brute force attempt,TCP,10.5.1.110,41535,10.5.2.2,143,4C:72:B9:24:40:D3,00:10:18:72:00:3C,0x57,***AP***,0x8769A48,0x7E386B22,,0x3908,64,0,29700,73,74752,,,,
08/09-22:12:47.118399 ,1,2273,2,IMAP login brute force attempt,TCP,10.5.1.110,41621,10.5.2.2,143,4C:72:B9:24:40:D3,00:10:18:72:00:3C,0x57,***AP***,0x8C2F0F05,0x4276E182,,0x3908,64,0,58149,73,74752,,,,
08/09-22:12:50.654016 ,1,2273,2,IMAP login brute force attempt,TCP,10.5.1.110,41704,10.5.2.2,143,4C:72:B9:24:40:D3,00:10:18:72:00:3C,0x57,***AP***,0xFA8524A0,0xE9730463,,0x3908,64,0,54600,73,74752,,,,
08/09-22:12:54.338451 ,1,2273,2,IMAP login brute force attempt,TCP,10.5.1.110,41800,10.5.2.2,143,4C:72:B9:24:40:D3,00:10:18:72:00:3C,0x57,***AP***,0x4AE97FD9,0xD7A0A46,,0x3908,64,0,35674,73,74752,,,,
08/09-22:12:58.400468 ,1,2273,2,IMAP login brute force attempt,TCP,10.5.1.110,41936,10.5.2.2,143,4C:72:B9:24:40:D3,00:10:18:72:00:3C,0x57,***AP***,0xB6816175,0x73D47206,,0x3908,64,0,39420,73,74752,,,,
08/09-22:13:01.519741 ,1,2273,2,IMAP login brute force attempt,TCP,10.5.1.110,42004,10.5.2.2,143,4C:72:B9:24:40:D3,00:10:18:72:00:3C,0x57,***AP***,0x99076292,0x67618FC7,,0x3908,64,0,39350,73,74752,,,,
08/09-22:13:04.461704 ,1,2273,2,IMAP login brute force attempt,TCP,10.5.1.110,42058,10.5.2.2,143,4C:72:B9:24:40:D3,00:10:18:72:00:3C,0x57,***AP***,0x5B85C8E8,0x9F8940F4,,0x3908,64,0,13840,73,74752,,,,
08/09-22:13:07.652979 ,1,2273,2,IMAP login brute force attempt,TCP,10.5.1.110,42104,10.5.2.2,143,4C:72:B9:24:40:D3,00:10:18:72:00:3C,0x57,***AP***,0x53B4D734,0x28861EDC,,0x3908,64,0,55001,73,74752,,,,
08/09-22:13:11.286345 ,1,2273,2,IMAP login brute force attempt,TCP,10.5.1.110,42279,10.5.2.2,143,4C:72:B9:24:40:D3,00:10:18:72:00:3C,0x57,***AP***,0xB40EE72C,0xDC602347,,0x3908,64,0,57961,73,74752,,,,
08/09-22:13:14.733455 ,1,2273,2,IMAP login brute force attempt,TCP,10.5.1.110,42368,10.5.2.2,143,4C:72:B9:24:40:D3,00:10:18:72:00:3C,0x57,***AP***,0x1C978297,0x6DAF2993,,0x3908,64,0,35516,73,74752,,,,
08/09-22:13:18.073396 ,1,2273,2,IMAP login brute force attempt,TCP,10.5.1.110,42435,10.5.2.2,143,4C:72:B9:24:40:D3,00:10:18:72:00:3C,0x57,***AP***,0xF8C82DA8,0x7B82DD22,,0x3908,64,0,8589,73,74752,,,,
08/09-22:13:22.530764 ,1,2273,2,IMAP login brute force attempt,TCP,10.5.1.110,42547,10.5.2.2,143,4C:72:B9:24:40:D3,00:10:18:72:00:3C,0x57,***AP***,0x34658476,0x3F974D69,,0x3908,64,0,37950,73,74752,,,,
08/09-22:13:26.768458 ,1,2273,2,IMAP login brute force attempt,TCP,10.5.1.110,42626,10.5.2.2,143,4C:72:B9:24:40:D3,00:10:18:72:00:3C,0x57,***AP***,0x51665B0C,0x753099C9,,0x3908,64,0,20081,73,74752,,,,
08/09-22:13:30.718608 ,1,2273,2,IMAP login brute force attempt,TCP,10.5.1.110,42687,10.5.2.2,143,4C:72:B9:24:40:D3,00:10:18:72:00:3C,0x57,***AP***,0x2E2E8FD9,0x5CC6F6E,,0x3908,64,0,38875,73,74752,,,,
08/09-22:13:34.508469 ,1,2273,2,IMAP login brute force attempt,TCP,10.5.1.110,42734,10.5.2.2,143,4C:72:B9:24:40:D3,00:10:18:72:00:3C,0x57,***AP***,0x16CFAE7C,0x202A53BE,,0x3908,64,0,45690,73,74752,,,,
08/09-22:13:38.278615 ,1,2273,2,IMAP login brute force attempt,TCP,10.5.1.110,42841,10.5.2.2,143,4C:72:B9:24:40:D3,00:10:18:72:00:3C,0x57,***AP***,0x4B72155D,0x3256460C,,0x3908,64,0,2817,73,74752,,,,
08/09-22:13:41.808396 ,1,2273,2,IMAP login brute force attempt,TCP,10.5.1.110,42960,10.5.2.2,143,4C:72:B9:24:40:D3,00:10:18:72:00:3C,0x57,***AP***,0x5A7455D5,0x3DED5A72,,0x3908,64,0,30458,73,74752,,,,
08/09-22:13:44.845627 ,1,2273,2,IMAP login brute force attempt,TCP,10.5.1.110,43031,10.5.2.2,143,4C:72:B9:24:40:D3,00:10:18:72:00:3C,0x57,***AP***,0x351C35A1,0x79204ACB,,0x3908,64,0,4937,73,74752,,,,
08/09-22:13:47.698904 ,1,2273,2,IMAP login brute force attempt,TCP,10.5.1.110,43106,10.5.2.2,143,4C:72:B9:24:40:D3,00:10:18:72:00:3C,0x57,***AP***,0x7F5AD4FA,0x95956841,,0x3908,64,0,64559,73,74752,,,,
08/09-22:13:51.053421 ,1,2273,2,IMAP login brute force attempt,TCP,10.5.1.110,43177,10.5.2.2,143,4C:72:B9:24:40:D3,00:10:18:72:00:3C,0x57,***AP***,0x6A0E0FC4,0x2D4CBA80,,0x3908,64,0,9125,73,74752,,,,
08/09-22:13:54.879917 ,1,2273,2,IMAP login brute force attempt,TCP,10.5.1.110,43259,10.5.2.2,143,4C:72:B9:24:40:D3,00:10:18:72:00:3C,0x57,***AP***,0x751548E6,0xC1FEC73,,0x3908,64,0,26432,73,74752,,,,
08/09-22:14:12.515500 ,1,2273,2,IMAP login brute force attempt,TCP,10.5.1.110,43537,10.5.2.2,143,4C:72:B9:24:40:D3,00:10:18:72:00:3C,0x57,***AP***,0x5657E918,0x4DD88783,,0x3908,64,0,43476,73,74752,,,,
08/09-22:14:23.726839 ,1,2273,2,IMAP login brute force attempt,TCP,10.5.1.110,43740,10.5.2.2,143,4C:72:B9:24:40:D3,00:10:18:72:00:3C,0x57,***AP***,0xD14626CB,0xE26A82E3,,0x3908,64,0,27285,73,74752,,,,
08/09-22:14:34.828410 ,1,2273,2,IMAP login brute force attempt,TCP,10.5.1.110,43864,10.5.2.2,143,4C:72:B9:24:40:D3,00:10:18:72:00:3C,0x57,***AP***,0xD605A607,0x7CEF77AE,,0x3908,64,0,62191,73,74752,,,,
08/09-22:14:42.723467 ,1,2273,2,IMAP login brute force attempt,TCP,10.5.1.110,44084,10.5.2.2,143,4C:72:B9:24:40:D3,00:10:18:72:00:3C,0x57,***AP***,0xC463661D,0xED56246D,,0x3908,64,0,15185,73,74752,,,,
08/09-22:14:48.628548 ,1,2273,2,IMAP login brute force attempt,TCP,10.5.1.110,44213,10.5.2.2,143,4C:72:B9:24:40:D3,00:10:18:72:00:3C,0x57,***AP***,0x5948F243,0x882766F8,,0x3908,64,0,38562,73,74752,,,,
08/09-22:14:55.153376 ,1,2273,2,IMAP login brute force attempt,TCP,10.5.1.110,44330,10.5.2.2,143,4C:72:B9:24:40:D3,00:10:18:72:00:3C,0x57,***AP***,0xE0586C30,0xA01F5559,,0x3908,64,0,1760,73,74752,,,,
08/09-22:15:06.889616 ,1,2273,2,IMAP login brute force attempt,TCP,10.5.1.110,44464,10.5.2.2,143,4C:72:B9:24:40:D3,00:10:18:72:00:3C,0x57,***AP***,0x12A8DF0D,0xA4A9F3D3,,0x3908,64,0,43203,73,74752,,,,
08/09-22:15:14.873531 ,1,2273,2,IMAP login brute force attempt,TCP,10.5.1.110,44709,10.5.2.2,143,4C:72:B9:24:40:D3,00:10:18:72:00:3C,0x57,***AP***,0x20728BD0,0xDDDB9475,,0x3908,64,0,62904,73,74752,,,,
08/09-22:15:21.173375 ,1,2273,2,IMAP login brute force attempt,TCP,10.5.1.110,44835,10.5.2.2,143,4C:72:B9:24:40:D3,00:10:18:72:00:3C,0x57,***AP***,0x84D1F139,0x99965B54,,0x3908,64,0,30042,73,74752,,,,
08/09-22:15:27.413520 ,1,2273,2,IMAP login brute force attempt,TCP,10.5.1.110,44910,10.5.2.2,143,4C:72:B9:24:40:D3,00:10:18:72:00:3C,0x57,***AP***,0x9412D84,0xE1C99DA2,,0x3908,64,0,42771,73,74752,,,,
08/09-22:15:33.998464 ,1,2273,2,IMAP login brute force attempt,TCP,10.5.1.110,44998,10.5.2.2,143,4C:72:B9:24:40:D3,00:10:18:72:00:3C,0x57,***AP***,0x3EEF6267,0xC18B5824,,0x3908,64,0,62098,73,74752,,,,
08/09-22:15:39.993592 ,1,2273,2,IMAP login brute force attempt,TCP,10.5.1.110,45167,10.5.2.2,143,4C:72:B9:24:40:D3,00:10:18:72:00:3C,0x57,***AP***,0xE99D133B,0x729D2087,,0x3908,64,0,34238,73,74752,,,,
08/09-22:15:44.523615 ,1,2273,2,IMAP login brute force attempt,TCP,10.5.1.110,45271,10.5.2.2,143,4C:72:B9:24:40:D3,00:10:18:72:00:3C,0x57,***AP***,0xAFB0DE8F,0xFA34EDB7,,0x3908,64,0,17794,73,74752,,,,
08/09-22:15:48.595207 ,1,2273,2,IMAP login brute force attempt,TCP,10.5.1.110,45349,10.5.2.2,143,4C:72:B9:24:40:D3,00:10:18:72:00:3C,0x57,***AP***,0x7C0EC13B,0x39EC52FA,,0x3908,64,0,24091,73,74752,,,,
08/09-22:15:52.417025 ,1,2273,2,IMAP login brute force attempt,TCP,10.5.1.110,45424,10.5.2.2,143,4C:72:B9:24:40:D3,00:10:18:72:00:3C,0x57,***AP***,0xFB86E0C4,0xAAA6277D,,0x3908,64,0,16976,73,74752,,,,
08/09-22:15:56.333372 ,1,2273,2,IMAP login brute force attempt,TCP,10.5.1.110,45489,10.5.2.2,143,4C:72:B9:24:40:D3,00:10:18:72:00:3C,0x57,***AP***,0x99F229F2,0x50EF237B,,0x3908,64,0,36700,73,74752,,,,
08/09-22:16:00.483763 ,1,2273,2,IMAP login brute force attempt,TCP,10.5.1.110,45549,10.5.2.2,143,4C:72:B9:24:40:D3,00:10:18:72:00:3C,0x57,***AP***,0xCB28A9CF,0xC79EEAB7,,0x3908,64,0,773,73,74752,,,,
08/09-22:16:04.428456 ,1,2273,2,IMAP login brute force attempt,TCP,10.5.1.110,45607,10.5.2.2,143,4C:72:B9:24:40:D3,00:10:18:72:00:3C,0x57,***AP***,0xC7AC357,0x4BBCE629,,0x3908,64,0,28088,73,74752,,,,
08/09-22:16:09.125196 ,1,2273,2,IMAP login brute force attempt,TCP,10.5.1.110,45768,10.5.2.2,143,4C:72:B9:24:40:D3,00:10:18:72:00:3C,0x57,***AP***,0x1BC28B6A,0xC0D7A459,,0x3908,64,0,14420,73,74752,,,,
08/09-22:16:13.110441 ,1,2273,2,IMAP login brute force attempt,TCP,10.5.1.110,45845,10.5.2.2,143,4C:72:B9:24:40:D3,00:10:18:72:00:3C,0x57,***AP***,0x47FCCE7D,0x99BB3530,,0x3908,64,0,30908,73,74752,,,,
08/09-22:16:16.486426 ,1,2273,2,IMAP login brute force attempt,TCP,10.5.1.110,45937,10.5.2.2,143,4C:72:B9:24:40:D3,00:10:18:72:00:3C,0x57,***AP***,0x26C4B4DF,0xEB51A8CA,,0x3908,64,0,3838,73,74752,,,,
08/09-22:16:21.330075 ,1,2273,2,IMAP login brute force attempt,TCP,10.5.1.110,46010,10.5.2.2,143,4C:72:B9:24:40:D3,00:10:18:72:00:3C,0x57,***AP***,0x2843C78F,0xCD955515,,0x3908,64,0,31125,73,74752,,,,
08/09-22:16:25.508307 ,1,2273,2,IMAP login brute force attempt,TCP,10.5.1.110,46105,10.5.2.2,143,4C:72:B9:24:40:D3,00:10:18:72:00:3C,0x57,***AP***,0x760FB816,0x501F5CB1,,0x3908,64,0,29959,73,74752,,,,
08/09-22:16:28.972803 ,1,2273,2,IMAP login brute force attempt,TCP,10.5.1.110,46160,10.5.2.2,143,4C:72:B9:24:40:D3,00:10:18:72:00:3C,0x57,***AP***,0x1BC53C65,0x4A3C041B,,0x3908,64,0,64043,73,74752,,,,
08/09-22:16:33.086286 ,1,2273,2,IMAP login brute force attempt,TCP,10.5.1.110,46226,10.5.2.2,143,4C:72:B9:24:40:D3,00:10:18:72:00:3C,0x57,***AP***,0x301C40E5,0xE093617B,,0x3908,64,0,35518,73,74752,,,,
08/09-22:16:37.053406 ,1,2273,2,IMAP login brute force attempt,TCP,10.5.1.110,46298,10.5.2.2,143,4C:72:B9:24:40:D3,00:10:18:72:00:3C,0x57,***AP***,0x4E0FAADF,0x290606F0,,0x3908,64,0,25848,73,74752,,,,
08/09-22:16:41.213470 ,1,2273,2,IMAP login brute force attempt,TCP,10.5.1.110,46484,10.5.2.2,143,4C:72:B9:24:40:D3,00:10:18:72:00:3C,0x57,***AP***,0x3DE65C7E,0x38A0EA92,,0x3908,64,0,36411,73,74752,,,,
08/09-22:16:44.759725 ,1,2273,2,IMAP login brute force attempt,TCP,10.5.1.110,46565,10.5.2.2,143,4C:72:B9:24:40:D3,00:10:18:72:00:3C,0x57,***AP***,0xE5976BD5,0x2D5B21CD,,0x3908,64,0,48767,73,74752,,,,
08/09-22:16:48.428780 ,1,2273,2,IMAP login brute force attempt,TCP,10.5.1.110,46652,10.5.2.2,143,4C:72:B9:24:40:D3,00:10:18:72:00:3C,0x57,***AP***,0x739A6D16,0x8EBC6A9B,,0x3908,64,0,46476,73,74752,,,,
08/09-22:16:52.403438 ,1,2273,2,IMAP login brute force attempt,TCP,10.5.1.110,46726,10.5.2.2,143,4C:72:B9:24:40:D3,00:10:18:72:00:3C,0x57,***AP***,0x213E660E,0x1E0C141B,,0x3908,64,0,47295,73,74752,,,,
08/09-22:16:55.973661 ,1,2273,2,IMAP login brute force attempt,TCP,10.5.1.110,46785,10.5.2.2,143,4C:72:B9:24:40:D3,00:10:18:72:00:3C,0x57,***AP***,0x325D4A66,0x8C42BEF2,,0x3908,64,0,43675,73,74752,,,,
08/09-22:16:59.404849 ,1,2273,2,IMAP login brute force attempt,TCP,10.5.1.110,46847,10.5.2.2,143,4C:72:B9:24:40:D3,00:10:18:72:00:3C,0x57,***AP***,0xA888FC64,0x74165024,,0x3908,64,0,6179,73,74752,,,,
08/09-22:17:02.803392 ,1,2273,2,IMAP login brute force attempt,TCP,10.5.1.110,46900,10.5.2.2,143,4C:72:B9:24:40:D3,00:10:18:72:00:3C,0x57,***AP***,0xB10532B5,0x6552CEDE,,0x3908,64,0,54559,73,74752,,,,
08/09-22:17:06.298438 ,1,2273,2,IMAP login brute force attempt,TCP,10.5.1.110,46953,10.5.2.2,143,4C:72:B9:24:40:D3,00:10:18:72:00:3C,0x57,***AP***,0x852827C1,0x641B2070,,0x3908,64,0,52602,73,74752,,,,
08/09-22:17:10.328455 ,1,2273,2,IMAP login brute force attempt,TCP,10.5.1.110,47092,10.5.2.2,143,4C:72:B9:24:40:D3,00:10:18:72:00:3C,0x57,***AP***,0x7D23619,0xF4EB7389,,0x3908,64,0,56102,73,74752,,,,
08/09-22:17:13.919093 ,1,2273,2,IMAP login brute force attempt,TCP,10.5.1.110,47156,10.5.2.2,143,4C:72:B9:24:40:D3,00:10:18:72:00:3C,0x57,***AP***,0xA3975287,0xE305E0F7,,0x3908,64,0,41017,73,74752,,,,
08/10-00:36:44.798394 ,1,1334,5,WEB-ATTACKS echo command attempt,TCP,10.5.1.110,39725,10.5.2.2,8888,4C:72:B9:24:40:D3,00:10:18:72:00:3C,0x69,***AP***,0x9C53B9F8,0x60FD706A,,0x40E8,64,0,22485,91,93184,,,,
08/10-00:37:15.734451 ,1,1334,5,WEB-ATTACKS echo command attempt,TCP,10.5.1.110,40224,10.5.2.2,8888,4C:72:B9:24:40:D3,00:10:18:72:00:3C,0x69,***AP***,0xBEC346BB,0xEC885FCE,,0x45E4,64,0,47904,91,93184,,,,
08/10-00:37:27.394150 ,1,1334,5,WEB-ATTACKS echo command attempt,TCP,10.5.1.110,40269,10.5.2.2,8888,4C:72:B9:24:40:D3,00:10:18:72:00:3C,0x69,***AP***,0xFEE17E7C,0x96131B3E,,0x40E8,64,0,29087,91,93184,,,,
08/10-00:38:42.669137 ,1,1334,5,WEB-ATTACKS echo command attempt,TCP,10.5.1.110,41447,10.5.2.2,8888,4C:72:B9:24:40:D3,00:10:18:72:00:3C,0x69,***AP***,0xC641F8B9,0x90D11B9F,,0x40E8,64,0,42492,91,93184,,,,
08/10-00:39:14.071734 ,1,1334,5,WEB-ATTACKS echo command attempt,TCP,10.5.1.110,41871,10.5.2.2,8888,4C:72:B9:24:40:D3,00:10:18:72:00:3C,0x69,***AP***,0x65303A45,0x56E442C5,,0x40E8,64,0,17893,91,93184,,,,
08/10-00:39:37.916651 ,1,1334,5,WEB-ATTACKS echo command attempt,TCP,10.5.1.110,41990,10.5.2.2,8888,4C:72:B9:24:40:D3,00:10:18:72:00:3C,0x69,***AP***,0xD428F0C,0x4A512C7A,,0x40E8,64,0,1390,91,93184,,,,
08/10-00:40:09.780682 ,1,1334,5,WEB-ATTACKS echo command attempt,TCP,10.5.1.110,42869,10.5.2.2,8888,4C:72:B9:24:40:D3,00:10:18:72:00:3C,0x69,***AP***,0xFBAC8E1E,0x26591CE7,,0x45E4,64,0,9083,91,93184,,,,
08/10-18:26:32.166634 ,1,3065,2,IMAP append literal overflow attempt,TCP,10.5.1.110,43319,10.5.2.2,143,4C:72:B9:24:40:D3,00:10:18:72:00:3C,0x4C,***AP***,0xDC3E0AD8,0x1710DD5,,0x3CB8,64,0,36852,62,63488,,,,
08/10-18:26:34.294631 ,1,3065,2,IMAP append literal overflow attempt,TCP,10.5.1.110,43348,10.5.2.2,143,4C:72:B9:24:40:D3,00:10:18:72:00:3C,0x4C,***AP***,0xE50992D0,0xABE693A0,,0x3CB8,64,0,5641,62,63488,,,,
08/10-18:26:36.430471 ,1,3065,2,IMAP append literal overflow attempt,TCP,10.5.1.110,43379,10.5.2.2,143,4C:72:B9:24:40:D3,00:10:18:72:00:3C,0x4C,***AP***,0x973006FE,0x4238E465,,0x3CB8,64,0,36676,62,63488,,,,
08/10-18:26:38.558577 ,1,3065,2,IMAP append literal overflow attempt,TCP,10.5.1.110,43440,10.5.2.2,143,4C:72:B9:24:40:D3,00:10:18:72:00:3C,0x4C,***AP***,0x8CA10752,0x65656E63,,0x3CB8,64,0,36021,62,63488,,,,
08/10-18:26:40.694462 ,1,3065,2,IMAP append literal overflow attempt,TCP,10.5.1.110,43465,10.5.2.2,143,4C:72:B9:24:40:D3,00:10:18:72:00:3C,0x4C,***AP***,0xBE8FE3D5,0xC1AB9FC0,,0x3CB8,64,0,28236,62,63488,,,,
08/10-18:26:42.826612 ,1,3065,2,IMAP append literal overflow attempt,TCP,10.5.1.110,43602,10.5.2.2,143,4C:72:B9:24:40:D3,00:10:18:72:00:3C,0x4C,***AP***,0xE0D1AAF9,0xDC9AA840,,0x3CB8,64,0,9596,62,63488,,,,
08/10-18:26:44.962588 ,1,3065,2,IMAP append literal overflow attempt,TCP,10.5.1.110,43649,10.5.2.2,143,4C:72:B9:24:40:D3,00:10:18:72:00:3C,0x4C,***AP***,0x66F87165,0x1A802F56,,0x3CB8,64,0,57609,62,63488,,,,
08/10-18:26:47.090446 ,1,3065,2,IMAP append literal overflow attempt,TCP,10.5.1.110,43674,10.5.2.2,143,4C:72:B9:24:40:D3,00:10:18:72:00:3C,0x4C,***AP***,0x94BC7AC4,0xD778DA0A,,0x3CB8,64,0,61052,62,63488,,,,
08/10-18:26:49.222394 ,1,3065,2,IMAP append literal overflow attempt,TCP,10.5.1.110,43704,10.5.2.2,143,4C:72:B9:24:40:D3,00:10:18:72:00:3C,0x4C,***AP***,0xE989297C,0xFDC136FB,,0x3CB8,64,0,48968,62,63488,,,,
08/10-18:26:51.354381 ,1,3065,2,IMAP append literal overflow attempt,TCP,10.5.1.110,43739,10.5.2.2,143,4C:72:B9:24:40:D3,00:10:18:72:00:3C,0x4C,***AP***,0xFE009E1B,0x9C9861F,,0x3CB8,64,0,1517,62,63488,,,,
08/10-18:26:53.482388 ,1,3065,2,IMAP append literal overflow attempt,TCP,10.5.1.110,43763,10.5.2.2,143,4C:72:B9:24:40:D3,00:10:18:72:00:3C,0x4C,***AP***,0x15E5DC69,0x550EB9D5,,0x3CB8,64,0,17971,62,63488,,,,
08/10-18:26:55.610429 ,1,3065,2,IMAP append literal overflow attempt,TCP,10.5.1.110,43791,10.5.2.2,143,4C:72:B9:24:40:D3,00:10:18:72:00:3C,0x4C,***AP***,0xCF920F8A,0xABEC4478,,0x3CB8,64,0,37748,62,63488,,,,
08/10-18:26:57.738337 ,1,3065,2,IMAP append literal overflow attempt,TCP,10.5.1.110,43820,10.5.2.2,143,4C:72:B9:24:40:D3,00:10:18:72:00:3C,0x4C,***AP***,0x9BDDB829,0x2E7500EA,,0x3CB8,64,0,10683,62,63488,,,,
08/10-18:26:59.874326 ,1,3065,2,IMAP append literal overflow attempt,TCP,10.5.1.110,43856,10.5.2.2,143,4C:72:B9:24:40:D3,00:10:18:72:00:3C,0x4C,***AP***,0xB2705A76,0x8B6EF389,,0x3CB8,64,0,64098,62,63488,,,,
08/10-18:27:02.010310 ,1,3065,2,IMAP append literal overflow attempt,TCP,10.5.1.110,43885,10.5.2.2,143,4C:72:B9:24:40:D3,00:10:18:72:00:3C,0x4C,***AP***,0x4CD09ABA,0xA7307D35,,0x3CB8,64,0,14596,62,63488,,,,
08/10-18:27:04.142297 ,1,3065,2,IMAP append literal overflow attempt,TCP,10.5.1.110,43918,10.5.2.2,143,4C:72:B9:24:40:D3,00:10:18:72:00:3C,0x4C,***AP***,0xE1C02FB8,0x8AD0AB65,,0x3CB8,64,0,35787,62,63488,,,,
08/10-18:27:06.274259 ,1,3065,2,IMAP append literal overflow attempt,TCP,10.5.1.110,43948,10.5.2.2,143,4C:72:B9:24:40:D3,00:10:18:72:00:3C,0x4C,***AP***,0x58271285,0xC4063212,,0x3CB8,64,0,46233,62,63488,,,,
08/10-18:27:08.410278 ,1,3065,2,IMAP append literal overflow attempt,TCP,10.5.1.110,44006,10.5.2.2,143,4C:72:B9:24:40:D3,00:10:18:72:00:3C,0x4C,***AP***,0x6CFE85F9,0x543D54AF,,0x3CB8,64,0,11648,62,63488,,,,
08/10-18:27:10.538296 ,1,3065,2,IMAP append literal overflow attempt,TCP,10.5.1.110,44043,10.5.2.2,143,4C:72:B9:24:40:D3,00:10:18:72:00:3C,0x4C,***AP***,0x5D4C89EB,0x3A427220,,0x3CB8,64,0,9097,62,63488,,,,
08/10-18:27:12.670243 ,1,3065,2,IMAP append literal overflow attempt,TCP,10.5.1.110,44198,10.5.2.2,143,4C:72:B9:24:40:D3,00:10:18:72:00:3C,0x4C,***AP***,0x194229FC,0x340416B4,,0x3CB8,64,0,34139,62,63488,,,,
08/10-18:27:14.802273 ,1,3065,2,IMAP append literal overflow attempt,TCP,10.5.1.110,44246,10.5.2.2,143,4C:72:B9:24:40:D3,00:10:18:72:00:3C,0x4C,***AP***,0xCE140666,0xBE39777,,0x3CB8,64,0,43301,62,63488,,,,
08/10-18:27:16.930274 ,1,3065,2,IMAP append literal overflow attempt,TCP,10.5.1.110,44276,10.5.2.2,143,4C:72:B9:24:40:D3,00:10:18:72:00:3C,0x4C,***AP***,0xD5AAA73D,0x5ED1AC53,,0x3CB8,64,0,6105,62,63488,,,,
08/10-18:27:19.058187 ,1,3065,2,IMAP append literal overflow attempt,TCP,10.5.1.110,44303,10.5.2.2,143,4C:72:B9:24:40:D3,00:10:18:72:00:3C,0x4C,***AP***,0x56B2BB5A,0xEF7A2B6B,,0x3CB8,64,0,2106,62,63488,,,,
08/10-18:27:21.186231 ,1,3065,2,IMAP append literal overflow attempt,TCP,10.5.1.110,44333,10.5.2.2,143,4C:72:B9:24:40:D3,00:10:18:72:00:3C,0x4C,***AP***,0xD3F271CA,0x86873893,,0x3CB8,64,0,50238,62,63488,,,,
08/10-18:27:23.318176 ,1,3065,2,IMAP append literal overflow attempt,TCP,10.5.1.110,44360,10.5.2.2,143,4C:72:B9:24:40:D3,00:10:18:72:00:3C,0x4C,***AP***,0xC13D211B,0x376A120E,,0x3CB8,64,0,38835,62,63488,,,,
08/10-18:27:24.710167 ,1,3065,2,IMAP append literal overflow attempt,TCP,10.5.1.110,44377,10.5.2.2,143,4C:72:B9:24:40:D3,00:10:18:72:00:3C,0x4C,***AP***,0x3A78A276,0x4D54752E,,0x3CB8,64,0,6818,62,63488,,,,
08/10-18:27:25.842235 ,1,3065,2,IMAP append literal overflow attempt,TCP,10.5.1.110,44391,10.5.2.2,143,4C:72:B9:24:40:D3,00:10:18:72:00:3C,0x4C,***AP***,0x98CF187D,0x8C57156,,0x3CB8,64,0,41469,62,63488,,,,
08/10-18:27:26.978189 ,1,3065,2,IMAP append literal overflow attempt,TCP,10.5.1.110,44409,10.5.2.2,143,4C:72:B9:24:40:D3,00:10:18:72:00:3C,0x4C,***AP***,0xD750CBB1,0xAF76318B,,0x3CB8,64,0,29110,62,63488,,,,
08/10-18:27:28.110207 ,1,3065,2,IMAP append literal overflow attempt,TCP,10.5.1.110,44425,10.5.2.2,143,4C:72:B9:24:40:D3,00:10:18:72:00:3C,0x4C,***AP***,0xC1AC55AD,0xFE4CBF39,,0x3CB8,64,0,59742,62,63488,,,,
08/10-18:27:29.242226 ,1,3065,2,IMAP append literal overflow attempt,TCP,10.5.1.110,44440,10.5.2.2,143,4C:72:B9:24:40:D3,00:10:18:72:00:3C,0x4C,***AP***,0x5DB237A3,0xEDAEA5FF,,0x3CB8,64,0,35461,62,63488,,,,
08/10-18:27:30.386262 ,1,3065,2,IMAP append literal overflow attempt,TCP,10.5.1.110,44465,10.5.2.2,143,4C:72:B9:24:40:D3,00:10:18:72:00:3C,0x4C,***AP***,0x65A20985,0x67883EB,,0x3CB8,64,0,46975,62,63488,,,,
08/10-18:29:25.989141 ,1,3065,2,IMAP append literal overflow attempt,TCP,10.5.1.110,46793,10.5.2.2,143,4C:72:B9:24:40:D3,00:10:18:72:00:3C,0x4C,***AP***,0x95152A37,0xA27DD4BD,,0x3CB8,64,0,1747,62,63488,,,,
08/10-18:30:05.661232 ,1,3065,2,IMAP append literal overflow attempt,TCP,10.5.1.110,47647,10.5.2.2,143,4C:72:B9:24:40:D3,00:10:18:72:00:3C,0x4C,***AP***,0x8AB5A1A2,0xDC8CB5C,,0x3CB8,64,0,62661,62,63488,,,,
08/10-18:31:19.264370 ,1,3065,2,IMAP append literal overflow attempt,TCP,10.5.1.110,49558,10.5.2.2,143,4C:72:B9:24:40:D3,00:10:18:72:00:3C,0x4C,***AP***,0x38E98ED0,0xC22CA73F,,0x3CB8,64,0,5063,62,63488,,,,
08/10-18:31:36.172353 ,1,3065,2,IMAP append literal overflow attempt,TCP,10.5.1.110,49963,10.5.2.2,143,4C:72:B9:24:40:D3,00:10:18:72:00:3C,0x4C,***AP***,0xB735FE99,0x2E683C66,,0x3CB8,64,0,20498,62,63488,,,,
08/10-18:31:41.972209 ,1,3065,2,IMAP append literal overflow attempt,TCP,10.5.1.110,50146,10.5.2.2,143,4C:72:B9:24:40:D3,00:10:18:72:00:3C,0x4C,***AP***,0x9F121164,0x1711C601,,0x3CB8,64,0,41736,62,63488,,,,
08/10-18:31:43.008177 ,1,3065,2,IMAP append literal overflow attempt,TCP,10.5.1.110,50281,10.5.2.2,143,4C:72:B9:24:40:D3,00:10:18:72:00:3C,0x4C,***AP***,0x77C3A8B4,0x9EB79166,,0x3CB8,64,0,7336,62,63488,,,,
08/10-18:32:27.576324 ,1,3065,2,IMAP append literal overflow attempt,TCP,10.5.1.110,51588,10.5.2.2,143,4C:72:B9:24:40:D3,00:10:18:72:00:3C,0x4C,***AP***,0x9318190F,0xA64A4492,,0x3CB8,64,0,63561,62,63488,,,,
08/10-18:32:35.871774 ,1,3065,2,IMAP append literal overflow attempt,TCP,10.5.1.110,51813,10.5.2.2,143,4C:72:B9:24:40:D3,00:10:18:72:00:3C,0x4C,***AP***,0x5D45C4A1,0x63A321FE,,0x3CB8,64,0,11474,62,63488,,,,
08/10-18:33:20.211365 ,1,3065,2,IMAP append literal overflow attempt,TCP,10.5.1.110,53314,10.5.2.2,143,4C:72:B9:24:40:D3,00:10:18:72:00:3C,0x4C,***AP***,0xF85770D3,0x2DFBBCCF,,0x3CB8,64,0,25458,62,63488,,,,
08/10-18:34:16.470822 ,1,3065,2,IMAP append literal overflow attempt,TCP,10.5.1.110,55062,10.5.2.2,143,4C:72:B9:24:40:D3,00:10:18:72:00:3C,0x4C,***AP***,0xB544886C,0xC3923BBF,,0x3CB8,64,0,49869,62,63488,,,,
08/10-18:35:26.134466 ,1,3065,2,IMAP append literal overflow attempt,TCP,10.5.1.110,57718,10.5.2.2,143,4C:72:B9:24:40:D3,00:10:18:72:00:3C,0x4C,***AP***,0xC55E5AF3,0xAA623C9,,0x3CB8,64,0,54349,62,63488,,,,
08/10-18:36:04.153878 ,1,3065,2,IMAP append literal overflow attempt,TCP,10.5.1.110,34685,10.5.2.2,143,4C:72:B9:24:40:D3,00:10:18:72:00:3C,0x4C,***AP***,0x2D3A50EA,0xC4F1D7D2,,0x3CB8,64,0,58530,62,63488,,,,
08/10-18:36:54.877749 ,1,3065,2,IMAP append literal overflow attempt,TCP,10.5.1.110,36093,10.5.2.2,143,4C:72:B9:24:40:D3,00:10:18:72:00:3C,0x4C,***AP***,0x18E3F6CF,0x499791F0,,0x3CB8,64,0,5120,62,63488,,,,
08/10-18:38:50.136795 ,1,3065,2,IMAP append literal overflow attempt,TCP,10.5.1.110,38971,10.5.2.2,143,4C:72:B9:24:40:D3,00:10:18:72:00:3C,0x4C,***AP***,0x5A39D909,0x4E8D1907,,0x3CB8,64,0,36536,62,63488,,,,
08/10-18:43:23.050749 ,1,3065,2,IMAP append literal overflow attempt,TCP,10.5.1.110,45857,10.5.2.2,143,4C:72:B9:24:40:D3,00:10:18:72:00:3C,0x4C,***AP***,0xFB30D0C8,0xBB75AA9D,,0x3CB8,64,0,45280,62,63488,,,,
08/10-18:44:24.134077 ,1,3065,2,IMAP append literal overflow attempt,TCP,10.5.1.110,47274,10.5.2.2,143,4C:72:B9:24:40:D3,00:10:18:72:00:3C,0x4C,***AP***,0x879FA447,0x92E72AD7,,0x3CB8,64,0,16314,62,63488,,,,
08/10-18:45:48.693389 ,1,3065,2,IMAP append literal overflow attempt,TCP,10.5.1.110,49663,10.5.2.2,143,4C:72:B9:24:40:D3,00:10:18:72:00:3C,0x4C,***AP***,0xF46AAA3,0xC45AC2BE,,0x3CB8,64,0,17550,62,63488,,,,
08/10-18:47:48.584738 ,1,3065,2,IMAP append literal overflow attempt,TCP,10.5.1.110,52941,10.5.2.2,143,4C:72:B9:24:40:D3,00:10:18:72:00:3C,0x4C,***AP***,0x15C5E96B,0x1AFE51CF,,0x3CB8,64,0,35571,62,63488,,,,
08/10-18:49:52.576040 ,1,3065,2,IMAP append literal overflow attempt,TCP,10.5.1.110,56335,10.5.2.2,143,4C:72:B9:24:40:D3,00:10:18:72:00:3C,0x4C,***AP***,0xFAA8CCFB,0xE56505C1,,0x3CB8,64,0,4537,62,63488,,,,
08/10-18:55:41.788988 ,1,3065,2,IMAP append literal overflow attempt,TCP,10.5.1.110,37950,10.5.2.2,143,4C:72:B9:24:40:D3,00:10:18:72:00:3C,0x4C,***AP***,0x6DA4EDCD,0x61384FBF,,0x3CB8,64,0,57215,62,63488,,,,
08/10-18:56:32.757816 ,1,3065,2,IMAP append literal overflow attempt,TCP,10.5.1.110,39248,10.5.2.2,143,4C:72:B9:24:40:D3,00:10:18:72:00:3C,0x4C,***AP***,0x29CD386B,0x88299A74,,0x3CB8,64,0,23509,62,63488,,,,
08/10-18:58:43.412996 ,1,3065,2,IMAP append literal overflow attempt,TCP,10.5.1.110,45524,10.5.2.2,143,4C:72:B9:24:40:D3,00:10:18:72:00:3C,0x4C,***AP***,0x39FC12BB,0x89E65C2F,,0x3CB8,64,0,61709,62,63488,,,,
08/10-19:00:36.750997 ,1,3065,2,IMAP append literal overflow attempt,TCP,10.5.1.110,50499,10.5.2.2,143,4C:72:B9:24:40:D3,00:10:18:72:00:3C,0x4C,***AP***,0x6758709F,0xBD6C07D,,0x3CB8,64,0,8804,62,63488,,,,
08/10-19:02:14.082162 ,1,3065,2,IMAP append literal overflow attempt,TCP,10.5.1.110,55147,10.5.2.2,143,4C:72:B9:24:40:D3,00:10:18:72:00:3C,0x4C,***AP***,0xD5ADD622,0x493F35B4,,0x3CB8,64,0,25856,62,63488,,,,
08/10-19:04:03.002714 ,1,3065,2,IMAP append literal overflow attempt,TCP,10.5.1.110,60029,10.5.2.2,143,4C:72:B9:24:40:D3,00:10:18:72:00:3C,0x4C,***AP***,0xFFFF22C2,0xBCCA8184,,0x3CB8,64,0,14846,62,63488,,,,
08/10-19:05:49.420903 ,1,3065,2,IMAP append literal overflow attempt,TCP,10.5.1.110,37117,10.5.2.2,143,4C:72:B9:24:40:D3,00:10:18:72:00:3C,0x4C,***AP***,0x8E9976EC,0x27DB32A1,,0x3CB8,64,0,62962,62,63488,,,,
08/10-19:08:17.018415 ,1,3065,2,IMAP append literal overflow attempt,TCP,10.5.1.110,44030,10.5.2.2,143,4C:72:B9:24:40:D3,00:10:18:72:00:3C,0x4C,***AP***,0x2123B2BD,0x9BDEE03C,,0x3CB8,64,0,41480,62,63488,,,,
08/10-19:09:40.587009 ,1,3065,2,IMAP append literal overflow attempt,TCP,10.5.1.110,47985,10.5.2.2,143,4C:72:B9:24:40:D3,00:10:18:72:00:3C,0x4C,***AP***,0x67787C2D,0x3BD5AB86,,0x3CB8,64,0,7922,62,63488,,,,
08/10-19:12:15.009974 ,1,3065,2,IMAP append literal overflow attempt,TCP,10.5.1.110,55418,10.5.2.2,143,4C:72:B9:24:40:D3,00:10:18:72:00:3C,0x4C,***AP***,0xACF3C3E2,0x47F2811E,,0x3CB8,64,0,14474,62,63488,,,,
08/10-19:15:42.068493 ,1,3065,2,IMAP append literal overflow attempt,TCP,10.5.1.110,37010,10.5.2.2,143,4C:72:B9:24:40:D3,00:10:18:72:00:3C,0x4C,***AP***,0x5DCBD526,0x8E2CF670,,0x3CB8,64,0,4847,62,63488,,,,
08/10-19:18:15.719437 ,1,3065,2,IMAP append literal overflow attempt,TCP,10.5.1.110,43482,10.5.2.2,143,4C:72:B9:24:40:D3,00:10:18:72:00:3C,0x4C,***AP***,0xA247FB31,0x32660B8C,,0x3CB8,64,0,42662,62,63488,,,,
08/10-19:21:52.671066 ,1,3065,2,IMAP append literal overflow attempt,TCP,10.5.1.110,52637,10.5.2.2,143,4C:72:B9:24:40:D3,00:10:18:72:00:3C,0x4C,***AP***,0x4E5EFDB4,0x5A69A80E,,0x3CB8,64,0,52615,62,63488,,,,
08/10-19:26:34.279852 ,1,3065,2,IMAP append literal overflow attempt,TCP,10.5.1.110,36697,10.5.2.2,143,4C:72:B9:24:40:D3,00:10:18:72:00:3C,0x4C,***AP***,0x689F0D97,0x54C501C1,,0x3CB8,64,0,20075,62,63488,,,,
08/10-19:28:02.515013 ,1,3065,2,IMAP append literal overflow attempt,TCP,10.5.1.110,40571,10.5.2.2,143,4C:72:B9:24:40:D3,00:10:18:72:00:3C,0x4C,***AP***,0x1D311077,0xE4DC53BA,,0x3CB8,64,0,35199,62,63488,,,,
08/10-19:30:17.317325 ,1,3065,2,IMAP append literal overflow attempt,TCP,10.5.1.110,47073,10.5.2.2,143,4C:72:B9:24:40:D3,00:10:18:72:00:3C,0x4C,***AP***,0x8C291CB4,0x5256B10E,,0x3CB8,64,0,154,62,63488,,,,
08/10-19:31:59.538303 ,1,3065,2,IMAP append literal overflow attempt,TCP,10.5.1.110,52087,10.5.2.2,143,4C:72:B9:24:40:D3,00:10:18:72:00:3C,0x4C,***AP***,0x6D46C12E,0x1DD3C5DB,,0x3CB8,64,0,16423,62,63488,,,,
08/10-19:34:35.828706 ,1,3065,2,IMAP append literal overflow attempt,TCP,10.5.1.110,59240,10.5.2.2,143,4C:72:B9:24:40:D3,00:10:18:72:00:3C,0x4C,***AP***,0x2539BC7D,0x662ABA68,,0x3CB8,64,0,42327,62,63488,,,,
08/10-19:38:04.690948 ,1,3065,2,IMAP append literal overflow attempt,TCP,10.5.1.110,40736,10.5.2.2,143,4C:72:B9:24:40:D3,00:10:18:72:00:3C,0x4C,***AP***,0x76AB1A9E,0x3AFED32D,,0x3CB8,64,0,65334,62,63488,,,,
08/10-19:40:46.305905 ,1,3065,2,IMAP append literal overflow attempt,TCP,10.5.1.110,49066,10.5.2.2,143,4C:72:B9:24:40:D3,00:10:18:72:00:3C,0x4C,***AP***,0x28206528,0xA1631262,,0x3CB8,64,0,59375,62,63488,,,,
08/10-19:43:41.120472 ,1,3065,2,IMAP append literal overflow attempt,TCP,10.5.1.110,57034,10.5.2.2,143,4C:72:B9:24:40:D3,00:10:18:72:00:3C,0x4C,***AP***,0x6EC35D2D,0x9BD3CD95,,0x3CB8,64,0,28986,62,63488,,,,
08/10-19:44:03.032225 ,1,3065,2,IMAP append literal overflow attempt,TCP,10.5.1.110,57938,10.5.2.2,143,4C:72:B9:24:40:D3,00:10:18:72:00:3C,0x4C,***AP***,0x59BA1488,0xB9A400C8,,0x3CB8,64,0,22382,62,63488,,,,
08/10-19:47:19.488934 ,1,3065,2,IMAP append literal overflow attempt,TCP,10.5.1.110,38982,10.5.2.2,143,4C:72:B9:24:40:D3,00:10:18:72:00:3C,0x4C,***AP***,0xAB865901,0x69479F84,,0x3CB8,64,0,23439,62,63488,,,,
08/10-19:49:49.362845 ,1,3065,2,IMAP append literal overflow attempt,TCP,10.5.1.110,45731,10.5.2.2,143,4C:72:B9:24:40:D3,00:10:18:72:00:3C,0x4C,***AP***,0x52522045,0x5DD1BE52,,0x3CB8,64,0,35456,62,63488,,,,
08/10-19:52:44.002339 ,1,3065,2,IMAP append literal overflow attempt,TCP,10.5.1.110,52930,10.5.2.2,143,4C:72:B9:24:40:D3,00:10:18:72:00:3C,0x4C,***AP***,0x2641E3E6,0xDF6BDC86,,0x3CB8,64,0,41867,62,63488,,,,
08/10-19:55:35.147080 ,1,3065,2,IMAP append literal overflow attempt,TCP,10.5.1.110,60030,10.5.2.2,143,4C:72:B9:24:40:D3,00:10:18:72:00:3C,0x4C,***AP***,0xF922881B,0xBAB196B5,,0x3CB8,64,0,24814,62,63488,,,,
08/10-19:57:17.430451 ,1,3065,2,IMAP append literal overflow attempt,TCP,10.5.1.110,35814,10.5.2.2,143,4C:72:B9:24:40:D3,00:10:18:72:00:3C,0x4C,***AP***,0x99BDC6FD,0x7F814,,0x3CB8,64,0,36283,62,63488,,,,
08/10-19:59:33.569612 ,1,3065,2,IMAP append literal overflow attempt,TCP,10.5.1.110,40713,10.5.2.2,143,4C:72:B9:24:40:D3,00:10:18:72:00:3C,0x4C,***AP***,0x1C225BD9,0xC58C12A,,0x3CB8,64,0,35732,62,63488,,,,
08/10-20:06:00.611747 ,1,3065,2,IMAP append literal overflow attempt,TCP,10.5.1.110,54576,10.5.2.2,143,4C:72:B9:24:40:D3,00:10:18:72:00:3C,0x4C,***AP***,0xC71E1A5,0x468FA7E4,,0x3CB8,64,0,43872,62,63488,,,,
08/10-20:06:46.434420 ,1,3065,2,IMAP append literal overflow attempt,TCP,10.5.1.110,56395,10.5.2.2,143,4C:72:B9:24:40:D3,00:10:18:72:00:3C,0x4C,***AP***,0xB542FCF5,0xF980726C,,0x3CB8,64,0,35438,62,63488,,,,
08/10-20:08:19.969695 ,1,3065,2,IMAP append literal overflow attempt,TCP,10.5.1.110,59846,10.5.2.2,143,4C:72:B9:24:40:D3,00:10:18:72:00:3C,0x4C,***AP***,0x6A8E02DC,0x7DCDE1F7,,0x3CB8,64,0,53415,62,63488,,,,
08/10-20:09:45.922655 ,1,3065,2,IMAP append literal overflow attempt,TCP,10.5.1.110,34665,10.5.2.2,143,4C:72:B9:24:40:D3,00:10:18:72:00:3C,0x4C,***AP***,0xA5B0588B,0x47C15A09,,0x3CB8,64,0,32325,62,63488,,,,
08/10-20:11:13.921028 ,1,3065,2,IMAP append literal overflow attempt,TCP,10.5.1.110,37680,10.5.2.2,143,4C:72:B9:24:40:D3,00:10:18:72:00:3C,0x4C,***AP***,0x7BB7CE40,0x3D52F932,,0x3CB8,64,0,46625,62,63488,,,,
08/10-20:11:55.768185 ,1,3065,2,IMAP append literal overflow attempt,TCP,10.5.1.110,39069,10.5.2.2,143,4C:72:B9:24:40:D3,00:10:18:72:00:3C,0x4C,***AP***,0x680992FA,0x4513C58D,,0x3CB8,64,0,13961,62,63488,,,,
08/10-20:13:45.351161 ,1,3065,2,IMAP append literal overflow attempt,TCP,10.5.1.110,43549,10.5.2.2,143,4C:72:B9:24:40:D3,00:10:18:72:00:3C,0x4C,***AP***,0x19CAB7F6,0x1C056751,,0x3CB8,64,0,47234,62,63488,,,,
08/10-20:14:06.388462 ,1,3065,2,IMAP append literal overflow attempt,TCP,10.5.1.110,44326,10.5.2.2,143,4C:72:B9:24:40:D3,00:10:18:72:00:3C,0x4C,***AP***,0xC1BCF7ED,0xBB77EA87,,0x3CB8,64,0,54279,62,63488,,,,
08/10-20:16:03.441281 ,1,3065,2,IMAP append literal overflow attempt,TCP,10.5.1.110,48993,10.5.2.2,143,4C:72:B9:24:40:D3,00:10:18:72:00:3C,0x4C,***AP***,0xEA78C2C4,0x5893F48,,0x3CB8,64,0,21725,62,63488,,,,
08/10-20:17:13.406950 ,1,3065,2,IMAP append literal overflow attempt,TCP,10.5.1.110,51757,10.5.2.2,143,4C:72:B9:24:40:D3,00:10:18:72:00:3C,0x4C,***AP***,0x3EF15FDC,0x27650E2A,,0x3CB8,64,0,33936,62,63488,,,,
08/10-20:21:59.539648 ,1,3065,2,IMAP append literal overflow attempt,TCP,10.5.1.110,34970,10.5.2.2,143,4C:72:B9:24:40:D3,00:10:18:72:00:3C,0x4C,***AP***,0xBD341F3A,0xA47D6952,,0x3CB8,64,0,60571,62,63488,,,,
08/10-20:22:12.605884 ,1,3065,2,IMAP append literal overflow attempt,TCP,10.5.1.110,35613,10.5.2.2,143,4C:72:B9:24:40:D3,00:10:18:72:00:3C,0x4C,***AP***,0x664B9B9D,0x33D00B78,,0x3CB8,64,0,25729,62,63488,,,,
08/10-20:22:42.631447 ,1,3065,2,IMAP append literal overflow attempt,TCP,10.5.1.110,36698,10.5.2.2,143,4C:72:B9:24:40:D3,00:10:18:72:00:3C,0x4C,***AP***,0xD419C7E8,0xC55CB5BC,,0x3CB8,64,0,56429,62,63488,,,,
08/10-20:24:05.432811 ,1,3065,2,IMAP append literal overflow attempt,TCP,10.5.1.110,40224,10.5.2.2,143,4C:72:B9:24:40:D3,00:10:18:72:00:3C,0x4C,***AP***,0x682C190D,0xFD2789D2,,0x3CB8,64,0,30177,62,63488,,,,
08/10-20:25:37.358402 ,1,3065,2,IMAP append literal overflow attempt,TCP,10.5.1.110,44101,10.5.2.2,143,4C:72:B9:24:40:D3,00:10:18:72:00:3C,0x4C,***AP***,0x596CF1F5,0x6C1424E,,0x3CB8,64,0,13971,62,63488,,,,
08/10-20:26:04.046078 ,1,3065,2,IMAP append literal overflow attempt,TCP,10.5.1.110,45547,10.5.2.2,143,4C:72:B9:24:40:D3,00:10:18:72:00:3C,0x4C,***AP***,0x426DEC9B,0x4ED11A36,,0x3CB8,64,0,3452,62,63488,,,,
08/10-20:26:07.073375 ,1,3065,2,IMAP append literal overflow attempt,TCP,10.5.1.110,45681,10.5.2.2,143,4C:72:B9:24:40:D3,00:10:18:72:00:3C,0x4C,***AP***,0x65F1A807,0xA4FA6A0E,,0x3CB8,64,0,17314,62,63488,,,,
08/10-20:27:08.841007 ,1,3065,2,IMAP append literal overflow attempt,TCP,10.5.1.110,49321,10.5.2.2,143,4C:72:B9:24:40:D3,00:10:18:72:00:3C,0x4C,***AP***,0xD2E12DAC,0x34014374,,0x3CB8,64,0,3560,62,63488,,,,
08/10-20:27:09.266071 ,1,3065,2,IMAP append literal overflow attempt,TCP,10.5.1.110,49344,10.5.2.2,143,4C:72:B9:24:40:D3,00:10:18:72:00:3C,0x4C,***AP***,0x52EFD0BF,0x5615DA0C,,0x3CB8,64,0,61580,62,63488,,,,
08/10-20:28:33.061220 ,1,3065,2,IMAP append literal overflow attempt,TCP,10.5.1.110,53449,10.5.2.2,143,4C:72:B9:24:40:D3,00:10:18:72:00:3C,0x4C,***AP***,0x3BA30C13,0x5BD21583,,0x3CB8,64,0,30990,62,63488,,,,
08/10-20:28:48.012487 ,1,3065,2,IMAP append literal overflow attempt,TCP,10.5.1.110,54420,10.5.2.2,143,4C:72:B9:24:40:D3,00:10:18:72:00:3C,0x4C,***AP***,0x16761984,0x884779FD,,0x3CB8,64,0,39020,62,63488,,,,
08/10-20:30:37.307748 ,1,3065,2,IMAP append literal overflow attempt,TCP,10.5.1.110,60430,10.5.2.2,143,4C:72:B9:24:40:D3,00:10:18:72:00:3C,0x4C,***AP***,0x94D424C6,0x68EF9697,,0x3CB8,64,0,51312,62,63488,,,,
08/10-20:31:29.919394 ,1,3065,2,IMAP append literal overflow attempt,TCP,10.5.1.110,34903,10.5.2.2,143,4C:72:B9:24:40:D3,00:10:18:72:00:3C,0x4C,***AP***,0xCF48EB4E,0xBFF0D63E,,0x3CB8,64,0,62869,62,63488,,,,
08/10-20:31:59.716346 ,1,3065,2,IMAP append literal overflow attempt,TCP,10.5.1.110,36604,10.5.2.2,143,4C:72:B9:24:40:D3,00:10:18:72:00:3C,0x4C,***AP***,0x590AA0C8,0xE6DA1A5A,,0x3CB8,64,0,40184,62,63488,,,,
08/10-20:33:35.447365 ,1,3065,2,IMAP append literal overflow attempt,TCP,10.5.1.110,41533,10.5.2.2,143,4C:72:B9:24:40:D3,00:10:18:72:00:3C,0x4C,***AP***,0xE7963899,0xFBECB0E4,,0x3CB8,64,0,41568,62,63488,,,,
08/10-20:33:45.446533 ,1,3065,2,IMAP append literal overflow attempt,TCP,10.5.1.110,42261,10.5.2.2,143,4C:72:B9:24:40:D3,00:10:18:72:00:3C,0x4C,***AP***,0xB6CD65F2,0xACEEA11A,,0x3CB8,64,0,50815,62,63488,,,,
08/10-20:36:41.505461 ,1,3065,2,IMAP append literal overflow attempt,TCP,10.5.1.110,52418,10.5.2.2,143,4C:72:B9:24:40:D3,00:10:18:72:00:3C,0x4C,***AP***,0xF3F646C4,0x7D06A01B,,0x3CB8,64,0,2493,62,63488,,,,
08/10-20:37:32.190024 ,1,3065,2,IMAP append literal overflow attempt,TCP,10.5.1.110,55172,10.5.2.2,143,4C:72:B9:24:40:D3,00:10:18:72:00:3C,0x4C,***AP***,0x4B6AA9D0,0x573A1EAE,,0x3CB8,64,0,10317,62,63488,,,,
08/10-20:38:54.954691 ,1,3065,2,IMAP append literal overflow attempt,TCP,10.5.1.110,59593,10.5.2.2,143,4C:72:B9:24:40:D3,00:10:18:72:00:3C,0x4C,***AP***,0x351848A0,0x6D2DB49C,,0x3CB8,64,0,39524,62,63488,,,,
08/10-20:39:10.969422 ,1,3065,2,IMAP append literal overflow attempt,TCP,10.5.1.110,60553,10.5.2.2,143,4C:72:B9:24:40:D3,00:10:18:72:00:3C,0x4C,***AP***,0x319048A8,0xDAEA069C,,0x3CB8,64,0,43507,62,63488,,,,
08/10-20:40:41.080590 ,1,3065,2,IMAP append literal overflow attempt,TCP,10.5.1.110,37238,10.5.2.2,143,4C:72:B9:24:40:D3,00:10:18:72:00:3C,0x4C,***AP***,0x90A4E025,0x4705D504,,0x3CB8,64,0,58999,62,63488,,,,
08/10-20:40:58.044849 ,1,3065,2,IMAP append literal overflow attempt,TCP,10.5.1.110,38031,10.5.2.2,143,4C:72:B9:24:40:D3,00:10:18:72:00:3C,0x4C,***AP***,0x6B1E9793,0x38177DF,,0x3CB8,64,0,56600,62,63488,,,,
08/10-20:41:12.633902 ,1,3065,2,IMAP append literal overflow attempt,TCP,10.5.1.110,38917,10.5.2.2,143,4C:72:B9:24:40:D3,00:10:18:72:00:3C,0x4C,***AP***,0xF6C7F94E,0x767E93D5,,0x3CB8,64,0,41082,62,63488,,,,
08/10-20:42:46.380961 ,1,3065,2,IMAP append literal overflow attempt,TCP,10.5.1.110,43860,10.5.2.2,143,4C:72:B9:24:40:D3,00:10:18:72:00:3C,0x4C,***AP***,0x6A5D8219,0x96754FEE,,0x3CB8,64,0,13786,62,63488,,,,
08/10-20:43:32.067078 ,1,3065,2,IMAP append literal overflow attempt,TCP,10.5.1.110,46261,10.5.2.2,143,4C:72:B9:24:40:D3,00:10:18:72:00:3C,0x4C,***AP***,0x26C0E70,0xE9F3F553,,0x3CB8,64,0,61105,62,63488,,,,
08/10-20:44:15.168991 ,1,3065,2,IMAP append literal overflow attempt,TCP,10.5.1.110,48613,10.5.2.2,143,4C:72:B9:24:40:D3,00:10:18:72:00:3C,0x4C,***AP***,0xBA1E4001,0x8521202,,0x3CB8,64,0,13705,62,63488,,,,
08/10-20:46:08.627026 ,1,3065,2,IMAP append literal overflow attempt,TCP,10.5.1.110,54700,10.5.2.2,143,4C:72:B9:24:40:D3,00:10:18:72:00:3C,0x4C,***AP***,0xE36A0CE1,0x9CFD17BA,,0x3CB8,64,0,29979,62,63488,,,,
08/10-20:46:12.087063 ,1,3065,2,IMAP append literal overflow attempt,TCP,10.5.1.110,54883,10.5.2.2,143,4C:72:B9:24:40:D3,00:10:18:72:00:3C,0x4C,***AP***,0x93A72A2E,0x57BF44F,,0x3CB8,64,0,21804,62,63488,,,,
08/10-20:47:25.202581 ,1,3065,2,IMAP append literal overflow attempt,TCP,10.5.1.110,58394,10.5.2.2,143,4C:72:B9:24:40:D3,00:10:18:72:00:3C,0x4C,***AP***,0x3103D587,0x6FE9F2F9,,0x3CB8,64,0,4445,62,63488,,,,
08/10-20:48:14.322370 ,1,3065,2,IMAP append literal overflow attempt,TCP,10.5.1.110,32937,10.5.2.2,143,4C:72:B9:24:40:D3,00:10:18:72:00:3C,0x4C,***AP***,0x503911D1,0x94FA0119,,0x3CB8,64,0,58672,62,63488,,,,
08/10-20:49:23.392700 ,1,3065,2,IMAP append literal overflow attempt,TCP,10.5.1.110,36703,10.5.2.2,143,4C:72:B9:24:40:D3,00:10:18:72:00:3C,0x4C,***AP***,0x22E81D81,0xA97D1E0E,,0x3CB8,64,0,10991,62,63488,,,,
08/10-20:49:29.056956 ,1,3065,2,IMAP append literal overflow attempt,TCP,10.5.1.110,36896,10.5.2.2,143,4C:72:B9:24:40:D3,00:10:18:72:00:3C,0x4C,***AP***,0x36852FF9,0xFD984052,,0x3CB8,64,0,4859,62,63488,,,,
08/10-20:50:35.733460 ,1,3065,2,IMAP append literal overflow attempt,TCP,10.5.1.110,40342,10.5.2.2,143,4C:72:B9:24:40:D3,00:10:18:72:00:3C,0x4C,***AP***,0x97532684,0xE972DFEB,,0x3CB8,64,0,22608,62,63488,,,,
08/10-20:53:13.648979 ,1,3065,2,IMAP append literal overflow attempt,TCP,10.5.1.110,48921,10.5.2.2,143,4C:72:B9:24:40:D3,00:10:18:72:00:3C,0x4C,***AP***,0x3C060F0B,0xD1406129,,0x3CB8,64,0,5661,62,63488,,,,
08/10-20:54:16.024586 ,1,3065,2,IMAP append literal overflow attempt,TCP,10.5.1.110,52250,10.5.2.2,143,4C:72:B9:24:40:D3,00:10:18:72:00:3C,0x4C,***AP***,0xEBB38087,0xA3F7123D,,0x3CB8,64,0,54701,62,63488,,,,
08/10-20:55:12.497672 ,1,3065,2,IMAP append literal overflow attempt,TCP,10.5.1.110,55216,10.5.2.2,143,4C:72:B9:24:40:D3,00:10:18:72:00:3C,0x4C,***AP***,0x38357D7F,0x553F23D7,,0x3CB8,64,0,61857,62,63488,,,,
08/10-20:55:41.472409 ,1,3065,2,IMAP append literal overflow attempt,TCP,10.5.1.110,56882,10.5.2.2,143,4C:72:B9:24:40:D3,00:10:18:72:00:3C,0x4C,***AP***,0x3FA1C2FF,0x27DD6004,,0x3CB8,64,0,27566,62,63488,,,,
08/10-20:56:15.583959 ,1,3065,2,IMAP append literal overflow attempt,TCP,10.5.1.110,58661,10.5.2.2,143,4C:72:B9:24:40:D3,00:10:18:72:00:3C,0x4C,***AP***,0x110DD71F,0x44DE58D,,0x3CB8,64,0,7330,62,63488,,,,
08/10-20:57:04.271801 ,1,3065,2,IMAP append literal overflow attempt,TCP,10.5.1.110,32961,10.5.2.2,143,4C:72:B9:24:40:D3,00:10:18:72:00:3C,0x4C,***AP***,0x11FC5C27,0xD4C76619,,0x3CB8,64,0,41530,62,63488,,,,
08/10-20:57:28.319475 ,1,3065,2,IMAP append literal overflow attempt,TCP,10.5.1.110,34382,10.5.2.2,143,4C:72:B9:24:40:D3,00:10:18:72:00:3C,0x4C,***AP***,0x94B1B9B2,0xC89E62D6,,0x3CB8,64,0,43080,62,63488,,,,
08/10-20:58:28.915492 ,1,3065,2,IMAP append literal overflow attempt,TCP,10.5.1.110,37147,10.5.2.2,143,4C:72:B9:24:40:D3,00:10:18:72:00:3C,0x4C,***AP***,0xF942AD48,0xD0C49E2B,,0x3CB8,64,0,57470,62,63488,,,,
08/10-20:58:33.335344 ,1,3065,2,IMAP append literal overflow attempt,TCP,10.5.1.110,37284,10.5.2.2,143,4C:72:B9:24:40:D3,00:10:18:72:00:3C,0x4C,***AP***,0xF979CA97,0x98A2E7AD,,0x3CB8,64,0,39586,62,63488,,,,
08/10-20:58:54.911313 ,1,3065,2,IMAP append literal overflow attempt,TCP,10.5.1.110,38561,10.5.2.2,143,4C:72:B9:24:40:D3,00:10:18:72:00:3C,0x4C,***AP***,0x5781C5E5,0x122E126A,,0x3CB8,64,0,41090,62,63488,,,,
